time,open,high,low,close,Conversion Line,Base Line,Lagging Span,Lead 1,Lead 2
1598006700,406.85,408.62,405.01,408.53,408.58,410.575,405.58,413.57500000000005,414.24
1598007600,408.53,408.98,407.54,407.62,408.58,410.575,404.81,413.57500000000005,414.24
1598008500,407.57,408.48,406.34,406.71,408.34000000000003,410.575,402.99,413.57500000000005,414.24
1598009400,406.71,406.92,405.01,405.28,407.805,410.435,403,414.055,414.24
1598010300,405.28,406.76,403.93,405.33,406.78,409.57,399.78,414.285,414.24
1598011200,405.31,405.5,401.04,402.94,405.09000000000003,408.045,397.57,414.52250000000004,414.24
1598012100,402.93,404,399.69,400.09,404.41499999999996,407.235,396.54,414.52750000000003,414.24
1598013000,400.07,405.51,399.44,404.85,404.21000000000004,407.11,397.84,414.47,414.24
1598013900,404.85,407.91,404.01,406.68,404.21000000000004,407.11,399.53,414.1225,414.24
1598014800,406.67,407,404.7,406.88,404.21000000000004,407.11,400.5,413.87,414.24
1598015700,406.89,407.76,405.52,406.96,403.96000000000004,407.11,399.01,413.72,414.24
1598016600,406.98,407.04,404.2,404.89,403.675,406.865,397.51,413.645,414.24
1598017500,404.88,405.37,401.8,402.06,403.675,406.85,399.5,413.47749999999996,414.24
1598018400,402.07,404.13,400.88,403.73,403.675,406.185,400.4,413.2175,414.24
1598019300,403.7,405.45,403.5,404.72,403.675,406.125,398.88,412.775,414.24
1598020200,404.7,407.04,403.17,407.04,403.675,405.90999999999997,395.04,412.775,414.24
1598021100,407.01,407.07,405.2,405.22,404.395,405.79499999999996,390.76,412.775,414.24
1598022000,405.29,405.34,403.2,403.97,404.32,405.79499999999996,390.17,412.41499999999996,414.055
1598022900,404,406.3,403.52,405.13,404.32,405.79499999999996,389.7,412.41499999999996,414.055
1598023800,405.13,406.63,405.13,406.07,403.975,405.555,388.54,412.2925,414.055
1598024700,406.1,407.2,404.2,404.27,404.03999999999996,405.02,393.29,412.28499999999997,414.055
1598025600,404.21,405.3,403.26,404.33,404.03999999999996,404.53499999999997,393.38,411.47749999999996,413.58000000000004
1598026500,404.31,406.65,404.31,405.88,405.185,404.28999999999996,391.68,410.9175,413.05
1598027400,405.87,405.87,403.67,403.72,405.185,404.28999999999996,389.57,410.445,412.53499999999997
1598028300,403.7,404.55,400.76,400.77,403.98,404.21000000000004,390.85,410.12,412.305
1598029200,400.77,406.49,399,405.58,403.1,403.99,386.52,409.5775,411.845
1598030100,405.59,406.7,402.9,404.81,403.1,403.99,386.38,409.5775,411.845
1598031000,404.84,405.5,402.33,402.99,403.1,403.74,387.97,409.4575,411.845
1598031900,402.95,403.5,401.81,403,403.1,403.45500000000004,383.4,409.12,411.845
1598032800,403,403.36,399.39,399.78,402.85,403.45500000000004,381.9,408.17499999999995,411.305
1598033700,399.81,401.32,394.35,397.57,400.525,401.13,384.01,406.5675,409.86
1598034600,397.64,397.81,394,396.54,400.35,400.95500000000004,381.4,405.825,409.185
1598035500,396.54,399.25,396.26,397.84,400.35,400.95500000000004,382.7,405.66,409.06
1598036400,397.87,399.96,397.53,399.53,400.35,400.95500000000004,384.19,405.66,409.06
1598037300,399.53,401.5,399.27,400.5,400.35,400.88,383.39,405.66,408.69
1598038200,400.56,401.4,397.81,399.01,399.75,400.88,385.11,405.535,408.33000000000004
1598039100,399.04,399.66,397.29,397.51,398.75,400.6,386.21,405.27,408.03
1598040000,397.57,400.09,396.98,399.5,398.68,400.6,384.75,405.26250000000005,408.03
1598040900,399.46,401.5,398.96,400.4,397.75,400.6,386.63,404.93,408.03
1598041800,400.41,400.43,398.46,398.88,397.75,400.6,385.13,404.9,408.03
1598042700,398.89,399.13,395,395.04,398.25,400.6,385.84,404.7925,408.03
1598043600,395.04,396.33,390.19,390.76,395.845,398.695,384.09,405.09499999999997,408.03
1598044500,390.77,393.1,386,390.17,393.75,396.6,386.1,405.0575,408.03
1598045400,390.18,390.23,385.65,389.7,393.575,396.42499999999995,385.39,405.0575,408.03
1598046300,389.7,389.76,385.1,388.54,393.3,396.15,383.89,404.765,408.03
1598047200,388.51,393.41,387.32,393.29,393.3,396.15,383.15,404.53,408.03
1598048100,393.34,394.13,391.5,393.38,393.3,395.9,382.45,404.28749999999997,408.03
1598049000,393.38,394.52,391.26,391.68,392.765,395.9,382.11,404.73749999999995,408.03
1598049900,391.68,392.7,389.05,389.57,392.115,395.9,384.26,404.73749999999995,408.03
1598050800,389.57,392.24,388.59,390.85,390.71500000000003,395.9,384.74,404.095,408.03
1598051700,390.85,390.85,386.39,386.52,389.81,395.9,385.23,403.545,407.735
1598052600,386.54,388.18,385.11,386.38,389.81,395.9,386.07,403.545,407.57
1598053500,386.33,388,385.94,387.97,389.81,395.3,388.37,403.42,407.57
1598054400,387.93,388.31,382.89,383.4,388.705,393.195,391.02,403.27750000000003,407.57
1598055300,383.41,385.13,381.3,381.9,387.90999999999997,392.33000000000004,389.94,403.15250000000003,407.43
1598056200,381.9,384.63,381.4,384.01,387.90999999999997,391.4,392.14,400.8275,404.78
1598057100,384.01,384.01,380.12,381.4,386.40999999999997,390.81,390.82,400.65250000000003,404.525
1598058000,381.41,382.72,379.92,382.7,386.08000000000004,390.71000000000004,390.41,400.65250000000003,404.39
1598058900,382.71,385.27,382.64,384.19,385.385,390.71000000000004,391.32,400.65250000000003,404.39
1598059800,384.22,385.88,382.99,383.39,384.115,390.71000000000004,391.11,400.615,404.39
1598060700,383.41,385.6,383.15,385.11,384.115,390.71000000000004,391.17,400.315,404.39
1598061600,385.1,387.31,385.04,386.21,384.115,390.71000000000004,393.21,399.675,404.39
1598062500,386.22,386.59,384.06,384.75,383.615,390.71000000000004,393.03,399.64,404.145
1598063400,384.75,387.13,383.54,386.63,383.615,390.71000000000004,392.43,399.175,404.13
1598064300,386.65,386.66,384.7,385.13,383.615,390.175,391.07,399.175,403.46500000000003
1598065200,385.16,386.95,384.97,385.84,383.615,389.525,390.88,399.425,403.405
1598066100,385.83,385.83,383.5,384.09,384.975,388.125,392.42,397.27,401.28499999999997
1598067000,384.1,386.55,384.1,386.1,385.15,387.22,392.45,395.175,399.075
1598067900,386.1,386.33,384.48,385.39,385.23,387.22,391.96,395,398.9
1598068800,385.39,385.43,383.7,383.89,385.405,387.22,393.03,394.725,398.625
1598069700,383.88,384.88,381.58,383.15,384.355,387.22,392.21,394.725,398.385
1598070600,383.15,383.56,381.66,382.45,384.355,387.22,390.99,394.6,397.85
1598071500,382.45,383.75,381.82,382.11,384.265,387.22,389.58,394.3325,397.365
1598072400,382.12,384.7,382.12,384.26,384.265,386.31,388.53,394.0075,397.12
1598073300,384.25,385.72,384.03,384.74,384.065,386.08000000000004,389.57,393.3075,397.12
1598074200,384.77,385.91,384.7,385.23,384.065,385.385,389.97,392.855,397.04
1598075100,385.23,386.3,385.2,386.07,383.955,384.115,390.99,392.855,397.04
1598076000,386.08,388.66,386.08,388.37,385.12,384.29,390.54,392.555,397.04
1598076900,388.38,391.24,387.85,391.02,386.40999999999997,385.58000000000004,392.63,390.95,395.685
1598077800,391.01,391.96,389.42,389.94,386.81,385.94,391.92,390.12,394.605
1598078700,389.89,392.18,389.51,392.14,387,386.05,390.24,389.655,394.605
1598079600,392.14,392.5,390,390.82,387.31,386.21000000000004,390.39,388.61,394.015
1598080500,390.8,390.87,389.4,390.41,388.265,386.21000000000004,390.01,388.39500000000004,393.915
1598081400,390.39,391.52,389.63,391.32,388.6,387.03999999999996,391.3,388.0475,393.915
1598082300,391.32,391.68,390.15,391.11,388.85,387.03999999999996,389.78,387.4125,393.915
1598083200,391.1,392.3,389.75,391.17,389.28999999999996,387.03999999999996,389.53,387.4125,393.84000000000003
1598084100,391.18,393.79,391.01,393.21,390.82000000000005,387.685,390.92,387.4125,393.84000000000003
1598085000,393.21,395.29,392.31,393.03,392.345,388.435,391.6,387.1625,393.56
1598085900,393.01,393.74,392.21,392.43,392.345,388.435,391.89,387.1625,393.56
1598086800,392.43,392.81,390.71,391.07,392.345,388.435,391.1,386.895,393.56
1598087700,391.06,391.55,390.21,390.88,392.345,388.435,391.51,386.57,393.56
1598088600,390.88,392.61,390.82,392.42,392.46000000000004,388.435,390.31,386.55,393.56
1598089500,392.43,392.54,391.26,392.45,392.52,388.435,389.61,386.185,393.56
1598090400,392.38,392.99,390.27,391.96,392.52,388.435,389.91,386.225,393.56
1598091300,391.96,393.61,391.36,393.03,392.75,388.435,388.98,386.3125,393.56
1598092200,393.15,393.71,392.15,392.21,392.75,388.435,390.38,385.7875,393.56
1598093100,392.22,392.22,390.6,390.99,391.975,388.475,389.17,385.7875,393.56
1598094000,391,391.46,388.9,389.58,391.30499999999995,388.555,390.05,385.7425,393.31
1598094900,389.59,390.11,388.2,388.53,390.955,388.70500000000004,391.02,385.2875,393.31
1598095800,388.53,389.81,388.51,389.57,390.955,389.65999999999997,390.87,385.0725,393.31
1598096700,389.55,390,389.09,389.97,390.955,389.995,390.77,384.725,393.31
1598097600,390,391.31,390,390.99,390.955,390.245,391.02,384.03499999999997,393.31
1598098500,391.03,391.45,390.4,390.54,390.955,390.685,391.45,384.70500000000004,393.31
1598099400,390.52,393.2,390.07,392.63,390.955,391.57000000000005,390.64,385.995,392.71000000000004
1598100300,392.65,393.6,391.77,391.92,390.9,391.745,389.81,386.375,391.71000000000004
1598101200,391.95,392.81,389.92,390.24,390.9,391.745,390.39,386.525,391.64
1598102100,390.24,390.44,389.5,390.39,390.9,391.745,389.66,386.76,390.71000000000004
1598103000,390.4,390.7,389.1,390.01,391.055,391.745,389.28,387.2375,390.71000000000004
1598103900,390.02,391.49,390,391.3,391.345,391.745,388.38,387.82,390.71000000000004
1598104800,391.29,391.58,389.37,389.78,391.35,391.745,387.68,387.945,390.71000000000004
1598105700,389.73,389.93,388.6,389.53,391.1,391.745,388.43,388.16499999999996,390.71000000000004
1598106600,389.54,391.08,389.54,390.92,391.1,391.745,388.97,389.25250000000005,390.71000000000004
1598107500,390.92,392.86,390.84,391.6,391.1,391.745,388.77,390.39,390.71000000000004
1598108400,391.6,393.51,391.59,391.89,391.055,390.97,391.02,390.39,390.71000000000004
1598109300,391.9,392.83,390.97,391.1,391.055,390.955,393.36,390.39,390.71000000000004
1598110200,391.1,391.82,390.65,391.51,391.055,390.955,393.6,390.39,390.175
1598111100,391.53,391.53,390.07,390.31,391.055,390.955,394.21,390.4475,389.525
1598112000,390.33,391.31,388.9,389.61,391.055,390.955,393.51,390.47749999999996,388.125
1598112900,389.6,390.79,388.66,389.91,391.055,390.955,393.54,390.47749999999996,387.605
1598113800,389.92,390.4,388.83,388.98,391.08500000000004,390.955,393.18,390.5925,387.605
1598114700,388.98,390.4,388.29,390.38,390.9,390.955,393.35,390.5925,387.605
1598115600,390.39,390.73,388.51,389.17,390.9,390.9,394.92,390.225,387.605
1598116500,389.21,390.36,388.56,390.05,390.56,390.9,396.76,389.92999999999995,387.605
1598117400,390.05,391.06,389.46,391.02,390.055,390.9,395.24,389.83000000000004,387.605
1598118300,391.02,391.44,390.03,390.87,389.90999999999997,390.94500000000005,394.91,390.3075,387.605
1598119200,390.88,391.46,390.68,390.77,389.875,390.94500000000005,394.27,390.475,387.605
1598120100,390.8,391.3,390.11,391.02,389.875,390.94500000000005,392.81,390.6,387.605
1598121000,391.03,391.7,390.66,391.45,389.995,390.94500000000005,393.31,390.82,387.605
1598121900,391.45,391.87,390.12,390.64,390.08000000000004,390.94500000000005,393.05,391.26250000000005,387.605
1598122800,390.64,390.94,389.77,389.81,390.19,390.94500000000005,393.35,391.3225,387.605
1598123700,389.81,390.57,389.62,390.39,390.21500000000003,390.9,393.03,391.3225,387.605
1598124600,390.4,390.91,389.66,389.66,390.66499999999996,390.9,393.45,391.3225,387.605
1598125500,389.66,389.66,388.78,389.28,390.325,390.9,392.77,391.4,387.605
1598126400,389.29,389.44,387.42,388.38,389.645,390.46500000000003,391.56,391.545,387.605
1598127300,388.39,388.41,387.33,387.68,389.6,390.41999999999996,391.02,391.5475,388.435
1598128200,387.67,389.02,387.64,388.43,389.6,390.41999999999996,391,391.4225,388.435
1598129100,388.44,389.63,388.1,388.97,389.6,390.41999999999996,391.68,391.4225,388.435
1598130000,388.97,389,388.61,388.77,389.135,390.41999999999996,390.28,391.4225,388.435
1598130900,388.77,391.21,388.61,391.02,389.27,390.41999999999996,389.83,391.01250000000005,388.435
1598131800,391.14,393.49,391.1,393.36,390.40999999999997,390.40999999999997,389.85,391.005,388.435
1598132700,393.36,393.6,392.17,393.6,390.46500000000003,390.46500000000003,389.14,391.005,388.435
1598133600,393.59,394.96,392.78,394.21,391.145,391.145,389.02,391.005,388.435
1598134500,394.25,394.28,393.13,393.51,391.145,391.145,390,391.005,388.435
1598135400,393.51,393.72,392.31,393.54,391.29999999999995,391.145,389.03,391.005,388.435
1598136300,393.53,393.6,391.78,393.18,391.53,391.145,388.92,391.02,388.435
1598137200,393.18,393.91,392.29,393.35,391.78499999999997,391.145,389.44,390.9275,388.435
1598138100,393.35,395.76,393.33,394.92,392.185,391.54499999999996,388.27,390.9,388.435
1598139000,394.91,397.04,394.91,396.76,394.07000000000005,392.185,388.95,390.73,388.475
1598139900,396.67,396.77,395.24,395.24,394.40999999999997,392.185,391.2,390.47749999999996,388.555
1598140800,395.23,396.95,394.73,394.91,394.40999999999997,392.185,391.06,390.4275,388.70500000000004
1598141700,394.86,394.86,393.57,394.27,394.40999999999997,392.185,390.87,390.41,389.65999999999997
1598142600,394.31,394.52,392.05,392.81,394.40999999999997,392.185,391.47,390.41,389.995
1598143500,392.84,393.72,392.43,393.31,394.40999999999997,392.185,391.56,390.47,390.245
1598144400,393.38,393.82,391.88,393.05,394.46000000000004,392.185,391.07,390.51250000000005,390.685
1598145300,393.06,393.64,392.53,393.35,394.46000000000004,392.185,391.89,390.5675,391.57000000000005
1598146200,393.36,393.37,392.26,393.03,394.46000000000004,392.185,390.93,390.5575,391.745
1598147100,393.03,393.89,393.03,393.45,394.41499999999996,392.185,389.24,390.78249999999997,391.745
1598148000,393.5,393.8,392.49,392.77,394.41499999999996,392.185,389.04,390.61249999999995,391.745
1598148900,392.76,392.81,390.97,391.56,392.915,392.185,388.77,390.055,391.355
1598149800,391.51,391.83,390.58,391.02,392.54999999999995,392.185,389.08,390.01,391.31
1598150700,391.03,391.93,390.9,391,392.235,392.34000000000003,389.93,390.01,391.31
1598151600,391,391.88,390.48,391.68,392.185,392.57000000000005,389.96,390.01,391.31
1598152500,391.69,391.7,390,390.28,391.945,392.82500000000005,390.57,389.7775,391.31
1598153400,390.29,390.39,389.32,389.83,391.605,392.82500000000005,389.83,389.84499999999997,391.31
1598154300,389.83,390.22,388.69,389.85,391.28999999999996,392.865,388.06,390.40999999999997,390.53499999999997
1598155200,389.85,390.2,389.02,389.14,391.245,392.865,388.24,390.46500000000003,390.52
1598156100,389.16,389.87,388.73,389.02,390.75,392.865,388.22,391.145,391.145
1598157000,389.02,390.09,388.45,390,390.19,392.745,386.45,391.145,391.145
1598157900,389.99,390,389,389.03,390.19,392.745,385.9,391.22249999999997,391.145
1598158800,389.02,389.02,388.3,388.92,390.09000000000003,392.67,386.3,391.3375,391.145
1598159700,388.92,389.64,388.36,389.44,390,392.67,385.86,391.465,391.145
1598160600,389.44,389.51,388.2,388.27,389.29499999999996,392.62,383.92,391.865,391.54499999999996
1598161500,388.28,389.1,387.35,388.95,388.785,392.19500000000005,384.82,393.12750000000005,392.185
1598162400,388.95,391.61,388.48,391.2,389.48,392.15,385.54,393.2975,392.185
1598163300,391.28,391.57,390.28,391.06,389.48,392.15,385.47,393.2975,392.185
1598164200,391.06,391.4,390.25,390.87,389.48,391.105,387.02,393.2975,392.185
1598165100,390.89,392.49,390.87,391.47,389.92,390.935,386.29,393.2975,392.185
1598166000,391.45,391.83,390.91,391.56,389.92,390.62,390.7,393.2975,392.185
1598166900,391.56,391.57,390.82,391.07,389.92,390.62,390.17,393.3225,392.185
1598167800,391.08,392.22,390.94,391.89,389.92,390.62,388.89,393.3225,392.185
1598168700,391.96,392.18,390.38,390.93,389.92,390.62,389.01,393.3225,392.185
1598169600,390.94,391.33,389.01,389.24,390.485,390.62,389.28,393.29999999999995,392.185
1598170500,389.24,389.66,388.65,389.04,390.57,390.57500000000005,388.41,393.29999999999995,392.185
1598171400,389.04,389.56,388.68,388.77,390.57,390.08000000000004,389.69,392.55,392.185
1598172300,388.79,390.13,388.7,389.08,390.57,389.92,391.22,392.36749999999995,392.185
1598173200,389.04,390.52,388.5,389.93,390.36,389.92,391.04,392.2875,392.185
1598174100,389.99,390.59,389.83,389.96,390.36,389.92,390.98,392.37750000000005,392.185
1598175000,389.96,390.78,389.36,390.57,390.36,389.92,392.61,392.385,392.185
1598175900,390.57,390.81,389.49,389.83,390.34000000000003,389.92,391.3,392.21500000000003,392.185
1598176800,389.82,389.89,388.05,388.06,389.69,389.92,390.27,392.0775,392.185
1598177700,388.05,388.9,387.84,388.24,389.325,389.92,390.57,392.055,392.185
1598178600,388.24,388.94,388.08,388.22,389.325,389.92,389.98,391.8075,392.185
1598179500,388.2,388.62,385.5,386.45,388.155,388.995,389.37,391.4675,392.185
1598180400,386.46,388.26,385.25,385.9,388.03,388.87,390.73,391.4675,392.185
1598181300,385.91,387,385.84,386.3,388.03,388.87,390.44,391.38,392.185
1598182200,386.29,387.51,385.85,385.86,388.03,388.87,389.92,391.33500000000004,392.185
1598183100,385.85,386.15,383.15,383.92,386.98,387.82,389.86,390.9575,392.185
1598184000,383.99,385.64,383.29,384.82,386.52,387.82,391.96,390.49,392.185
1598184900,384.82,386.51,384.67,385.54,386.04499999999996,387.82,391.47,390.815,392.185
1598185800,385.53,386.2,384.65,385.47,386.04499999999996,387.82,391.81,390.815,392.185
1598186700,385.41,387.27,384.99,387.02,385.885,387.82,391.84,390.2925,392.185
1598187600,387.03,387.71,386.05,386.29,385.705,387.82,392.44,390.4275,392.185
1598188500,386.29,391,385.57,390.7,387.075,387.685,393.99,390.27,392.185
1598189400,390.63,392.6,390.17,390.17,387.875,387.875,393.96,390.27,392.185
1598190300,390.16,390.2,387.61,388.89,387.875,387.875,394.78,390.27,392.185
1598191200,388.88,389.72,388.32,389.01,387.94500000000005,387.875,394.83,390.27,392.185
1598192100,389.02,389.51,388.24,389.28,388.625,387.875,393.71,390.5525,392.185
1598193000,389.28,389.67,388.04,388.41,388.625,387.875,392.85,390.5725,392.185
1598193900,388.49,389.95,388.29,389.69,388.795,387.875,392.49,390.32500000000005,392.185
1598194800,389.63,392.5,389.25,391.22,389.08500000000004,387.875,392.5,390.245,392.185
1598195700,391.21,392.18,390.75,391.04,389.08500000000004,387.875,392.89,390.14,392.185
1598196600,391.11,391.63,389.72,390.98,390.105,387.875,393.33,390.14,392.19500000000005
1598197500,390.98,392.97,390.97,392.61,390.29,388.06,393.64,390.14,392.19500000000005
1598198400,392.66,392.88,391.11,391.3,390.505,388.06,391.45,390.13,392.19500000000005
1598199300,391.43,391.43,390.03,390.27,390.505,388.06,391.91,389.805,392.19500000000005
1598200200,390.26,390.96,389.68,390.57,390.505,388.06,391.25,389.6225,392.19500000000005
1598201100,390.51,390.57,389.21,389.98,390.63,388.06,391.78,389.6225,392.19500000000005
1598202000,389.98,390.69,389.35,389.37,391.09000000000003,388.06,392.29,388.575,391.27
1598202900,389.36,390.74,388.84,390.73,390.905,388.06,392.34,388.45,391.145
1598203800,390.73,391.23,390.17,390.44,390.905,388.06,390.71,388.45,391.145
1598204700,390.44,390.92,389.41,389.92,390.905,388.06,388.02,388.45,391.145
1598205600,389.96,390.14,389.32,389.86,390.86,388.06,389.2,387.4,390.095
1598206500,389.82,391.98,389.54,391.96,390.40999999999997,388.13,388.98,387.16999999999996,390.095
1598207400,391.94,392.64,391.07,391.47,390.74,388.81,389.93,386.9325,390.095
1598208300,391.47,391.98,390.94,391.81,390.74,388.81,388.55,386.9325,390.04999999999995
1598209200,391.81,392.16,390.46,391.84,390.74,388.98,388.94,386.85249999999996,390.04999999999995
1598210100,391.85,392.97,391.77,392.44,390.905,389.27,389.69,386.7625,389.005
1598211000,392.45,394.03,392.44,393.99,391.67499999999995,389.79999999999995,389.51,387.38,388.835
1598211900,394,394.43,393.03,393.96,391.875,391.02,390.85,387.875,388.52
1598212800,393.96,395.25,393.94,394.78,392.28499999999997,391.43,391.46,387.875,388.52
1598213700,394.78,395.25,393.84,394.83,392.395,391.645,391.2,387.91,388.52
1598214600,394.83,395.09,393.3,393.71,392.855,391.645,391.18,388.25,388.52
1598215500,393.71,394,392.61,392.85,392.855,391.645,392.37,388.25,388.52
1598216400,392.84,393.24,392.15,392.49,392.855,391.77,393.41,388.33500000000004,388.475
1598217300,392.44,393,391.96,392.5,393.51,392.04499999999996,393.41,388.48,387.98
1598218200,392.5,393.15,392.23,392.89,393.605,392.04499999999996,393.24,388.48,387.875
1598219100,392.89,393.41,392.17,393.33,393.605,392.04499999999996,392.5,388.99,387.875
1598220000,393.33,393.71,393.24,393.64,393.605,392.04499999999996,392.15,389.175,388.06
1598220900,393.63,393.67,391.45,391.45,393.35,392.04499999999996,391.95,389.2825,388.06
1598221800,391.45,391.99,391,391.91,393.04499999999996,392.04499999999996,392.45,389.2825,388.06
1598222700,391.89,391.92,390.71,391.25,392.355,392.04499999999996,391.84,389.2825,388.06
1598223600,391.24,392.35,391.06,391.78,392.21,392.04499999999996,392.74,389.345,388.06
1598224500,391.77,392.76,391.77,392.29,392.21,392.04499999999996,391.82,389.57500000000005,388.06
1598225400,392.29,392.84,391.96,392.34,392.21,392.04499999999996,392.52,389.48249999999996,388.06
1598226300,392.36,392.43,390.35,390.71,392.03,392.28499999999997,394.53,389.48249999999996,388.06
1598227200,390.72,391.27,387.92,388.02,390.815,391.58500000000004,393.86,389.48249999999996,388.06
1598228100,388.03,389.53,387.44,389.2,390.555,391.345,394.76,389.46000000000004,388.06
1598229000,389.2,389.76,388.7,388.98,390.14,391.345,396.01,389.27,388.06
1598229900,388.89,390.4,388.88,389.93,390.14,391.345,397.71,389.775,388.06
1598230800,389.93,389.93,388.5,388.55,390.14,391.345,397.21,389.775,388.06
1598231700,388.56,389.35,388.52,388.94,390.14,391.345,397.88,389.86,388.06
1598232600,388.93,390.55,388.9,389.69,390.14,391.345,398.44,390.0875,388.06
1598233500,389.69,390.22,389.35,389.51,389.935,391.345,403.53,390.73749999999995,388.59
1598234400,389.5,391.27,389.41,390.85,389.355,391.345,405.1,391.4475,388.78999999999996
1598235300,390.88,391.93,390.88,391.46,389.685,391.345,404.97,391.85749999999996,389.2
1598236200,391.46,392.61,391.13,391.2,390.555,391.345,404.75,392.02,389.2
1598237100,391.19,391.71,390.7,391.18,390.555,391.265,404.21,392.25,389.2
1598238000,391.19,392.51,390.95,392.37,390.555,390.72,404.46,392.25,389.2
1598238900,392.37,393.97,392.37,393.41,391.245,390.70500000000004,404.06,392.3125,389.2
1598239800,393.41,393.64,392.7,393.41,391.435,390.70500000000004,405.21,392.7775,389.2
1598240700,393.42,393.73,392.69,393.24,391.66,390.70500000000004,405.99,392.825,389.2
1598241600,393.22,393.75,392.21,392.5,391.69000000000005,390.70500000000004,404.74,392.825,389.2
1598242500,392.49,392.5,391.97,392.15,392.33500000000004,390.70500000000004,404.95,392.825,389.2
1598243400,392.14,392.42,391.56,391.95,392.33500000000004,390.70500000000004,405.23,392.6975,389.2
1598244300,392.01,392.67,391.95,392.45,392.33500000000004,390.70500000000004,407.7,392.54499999999996,389.2
1598245200,392.47,392.71,391.64,391.84,392.46000000000004,390.70500000000004,407,392.2,389.2
1598246100,391.79,392.83,391.78,392.74,392.765,390.70500000000004,406.22,392.12749999999994,389.2
1598247000,392.82,393,391.79,391.82,392.655,390.70500000000004,406.97,392.12749999999994,389.2
1598247900,391.83,392.87,391.82,392.52,392.655,390.70500000000004,408.05,392.12749999999994,389.2
1598248800,392.52,394.75,391.9,394.53,393.155,391.095,407.28,392.15749999999997,389.2
1598249700,394.52,395.32,393.84,393.86,393.44,391.38,406.06,391.20000000000005,389.2
1598250600,393.86,395.05,393.79,394.76,393.44,391.38,405.39,390.95000000000005,389.2
1598251500,394.76,396.02,394.6,396.01,393.83,392.26,406.42,390.7425,389.2
1598252400,396.01,398.97,395.97,397.71,395.305,393.735,406.24,390.7425,389.27
1598253300,397.7,398.23,396.66,397.21,395.375,393.735,407.81,390.7425,389.95
1598254200,397.21,398.9,397.21,397.88,395.38,393.745,405.56,390.7425,389.95
1598255100,397.81,398.74,397.49,398.44,395.395,393.935,404.58,390.7425,390.12
1598256000,398.48,404.11,398.43,403.53,398.005,396.73,405.77,390.64,390.40999999999997
1598256900,403.52,407.59,402.75,405.1,400.69,398.5,403.98,390.35,390.40999999999997
1598257800,405.12,405.71,403.92,404.97,400.69,399.145,402.26,390.515,391.345
1598258700,404.98,405.78,403.5,404.75,401.095,399.145,403.27,390.95000000000005,391.345
1598259600,404.76,405.73,404.18,404.21,401.78,399.145,402.19,390.90999999999997,391.345
1598260500,404.17,404.54,403.52,404.46,402.125,399.27,400.84,390.63750000000005,391.345
1598261400,404.46,404.73,403.4,404.06,402.4,399.575,403.1,390.975,391.345
1598262300,404.06,405.27,403.73,405.21,402.53999999999996,399.575,402.12,391.07000000000005,391.345
1598263200,405.2,406.3,405.05,405.99,403.01,399.575,404.09,391.1825,391.345
1598264100,406,406.08,404.4,404.74,405.16999999999996,399.575,404.14,391.19750000000005,391.345
1598265000,404.74,405.39,403.87,404.95,404.85,399.575,404.64,391.52000000000004,391.345
1598265900,404.96,406.18,404.95,405.23,404.85,399.575,403.35,391.52000000000004,391.345
1598266800,405.23,408.16,405.21,407.7,405.78,399.9,403.1,391.52000000000004,391.345
1598267700,407.69,408.45,406.62,407,405.92499999999995,400.04499999999996,403.65,391.58250000000004,391.345
1598268600,407,408.5,406.11,406.22,405.95,400.14,403.17,391.735,391.345
1598269500,406.22,407.2,406.2,406.97,406.115,400.145,401.86,391.68,391.345
1598270400,406.93,408.53,406.85,408.05,406.2,400.17499999999995,401.12,391.68,391.345
1598271300,408.05,408.27,407.13,407.28,406.2,400.215,400.67,392.125,391.345
1598272200,407.29,407.6,406.03,406.06,406.2,401.15999999999997,401.64,392.40999999999997,391.38
1598273100,406.05,406.49,405.3,405.39,406.74,401.15999999999997,399.25,392.40999999999997,391.38
1598274000,405.37,406.79,405.35,406.42,406.87,401.565,401.14,393.04499999999996,391.73
1598274900,406.43,406.7,405.6,406.24,406.91499999999996,402.25,401.82,394.52,393.20500000000004
1598275800,406.25,407.81,406.03,407.81,406.91499999999996,402.595,403.52,394.555,393.20500000000004
1598276700,407.82,407.85,405.52,405.56,406.91499999999996,402.87,403.77,394.5625,393.20500000000004
1598277600,405.56,405.73,402.14,404.58,405.335,403.01,401.79,394.66499999999996,393.20500000000004
1598278500,404.55,406.56,404.54,405.77,405.205,403.48,402.27,397.3675,395.775
1598279400,405.78,406.59,403.75,403.98,404.995,405.335,401.55,399.595,397.515
1598280300,403.98,404.45,402.24,402.26,404.995,405.335,404.96,399.9175,397.515
1598281200,402.23,403.64,402.02,403.27,404.935,405.275,406.48,400.12,397.515
1598282100,403.28,403.79,401.2,402.19,404.525,404.865,405.49,400.4625,397.515
1598283000,402.19,402.64,400.8,400.84,404.32500000000005,404.66499999999996,406.74,400.6975,397.515
1598283900,400.85,403.13,400.85,403.1,404.32500000000005,404.66499999999996,407.75,400.98749999999995,397.515
1598284800,403.1,403.6,401.98,402.12,403.695,404.66499999999996,407,401.0575,397.515
1598285700,402.13,404.4,401.77,404.09,403.695,404.66499999999996,405.9,401.2925,397.515
1598286600,404.13,405.63,403.79,404.14,403.695,404.66499999999996,406.97,402.37249999999995,397.515
1598287500,404.11,405.04,403.89,404.64,403.21500000000003,404.66499999999996,407.63,402.2125,397.515
1598288400,404.64,404.88,403,403.35,403.21500000000003,404.66499999999996,409.99,402.2125,397.515
1598289300,403.4,403.82,402.63,403.1,403.21500000000003,404.66499999999996,408.66,402.84,397.8
1598290200,403.13,403.89,402.6,403.65,403.21500000000003,404.66499999999996,407.68,402.98499999999996,397.945
1598291100,403.72,404.17,403.05,403.17,403.24,404.66499999999996,406.55,403.04499999999996,397.97
1598292000,403.18,404.11,401.61,401.86,403.62,404.66499999999996,406.74,403.13,397.97
1598292900,401.86,402,400.27,401.12,402.95,404.4,406.25,403.1875,397.985
1598293800,401.11,401.54,400.44,400.67,402.95,404.27,405.39,403.2075,397.985
1598294700,400.66,402.09,400.63,401.64,402.655,404.06,405.93,403.67999999999995,397.985
1598295600,401.73,401.77,398.08,399.25,401.48,402.96500000000003,406.19,403.95,397.985
1598296500,399.32,401.15,399.19,401.14,401.125,402.96500000000003,406.62,404.2175,397.985
1598297400,401.13,402.25,400.69,401.82,401.125,402.96500000000003,405.97,404.5825,398.515
1598298300,401.82,403.89,401.33,403.52,401.125,402.96500000000003,403.74,404.755,398.515
1598299200,403.52,403.87,402.3,403.77,401.095,402.96500000000003,403.54,404.8925,398.515
1598300100,403.77,404.09,400.94,401.79,401.085,402.335,402.42,404.1725,398.525
1598301000,401.8,402.61,401.5,402.27,401.085,402.335,401.43,404.3425,398.715
1598301900,402.26,403.12,401.42,401.55,401.085,402.335,402.34,405.16499999999996,398.94
1598302800,401.54,404.98,400.96,404.96,401.53,401.855,400.8,405.16499999999996,398.97
1598303700,404.97,408.08,404.91,406.48,403.635,403.08,401.46,405.105,399.615
1598304600,406.51,407.44,405.45,405.49,404.385,403.08,401.43,404.695,399.615
1598305500,405.49,407.13,404.43,406.74,404.51,403.08,402.23,404.495,399.615
1598306400,406.74,407.97,406.42,407.75,404.51,403.08,400.57,404.495,399.74
1598307300,407.77,408.21,405.76,407,404.575,403.145,401.93,404.17999999999995,400.04499999999996
1598308200,407,407,405.45,405.9,404.585,403.145,401.89,404.17999999999995,400.04499999999996
1598309100,405.91,407.07,405.71,406.97,404.585,403.145,402.96,404.17999999999995,400.04499999999996
1598310000,406.98,407.88,405.88,407.63,404.585,403.145,402.43,403.94,400.04499999999996
1598310900,407.62,410,407.21,409.99,407.21500000000003,404.03999999999996,401.62,403.94,400.04499999999996
1598311800,410,410.42,408.22,408.66,407.425,404.25,400.37,403.94,400.04499999999996
1598312700,408.65,409.18,407.55,407.68,407.425,404.25,399.59,403.94,400.085
1598313600,407.68,409.06,406.28,406.55,407.935,404.25,397.55,403.9525,400.085
1598314500,406.62,407.12,405.68,406.74,407.935,404.25,399.06,404.1425,400.155
1598315400,406.72,406.72,405.37,406.25,407.895,404.25,397.34,403.67499999999995,400.15999999999997
1598316300,406.27,406.66,404.77,405.39,407.595,404.25,394.78,403.61,400.17499999999995
1598317200,405.38,406.35,404.77,405.93,407.595,404.25,394.95,403.35749999999996,400.215
1598318100,405.93,406.34,405.06,406.19,407.595,404.25,395.65,402.2225,401.15999999999997
1598319000,406.19,406.74,405.35,406.62,407.595,404.805,395.3,402.045,401.15999999999997
1598319900,406.61,406.8,405.92,405.97,406.975,405.555,394.08,402.045,401.565
1598320800,405.97,406,403.07,403.74,406.065,405.68,390.57,402.045,402.25
1598321700,403.75,403.76,402.34,403.54,404.73,405.68,393.66,402.03000000000003,402.595
1598322600,403.54,403.54,402.1,402.42,404.45000000000005,405.68,393.92,401.71,402.87
1598323500,402.4,402.54,400.91,401.43,403.855,405.665,394.48,401.71,403.01
1598324400,401.44,402.66,400.6,402.34,403.70000000000005,405.51,395.28,401.71,403.30499999999995
1598325300,402.33,402.33,400.34,400.8,403.57,405.38,394.17,401.6925,403.30499999999995
1598326200,400.84,401.89,400.62,401.46,403.57,405.38,395.36,403.35749999999996,403.30499999999995
1598327100,401.47,402.04,400.8,401.43,403.57,405.38,395.15,403.73249999999996,403.30499999999995
1598328000,401.42,402.35,400.9,402.23,403.16999999999996,405.38,394.5,403.79499999999996,403.30499999999995
1598328900,402.22,402.32,399.84,400.57,401.79999999999995,405.13,395.48,403.79499999999996,403.30499999999995
1598329800,400.6,402,400.17,401.93,401.69,405.13,397.85,403.86,403.30499999999995
1598330700,401.93,402.42,401.82,401.89,401.25,405.13,397.7,403.865,403.30499999999995
1598331600,401.88,403.47,401.61,402.96,401.655,405.13,395.98,403.865,403.30499999999995
1598332500,402.99,403.1,402.23,402.43,401.655,405.13,395.34,403.865,403.30499999999995
1598333400,402.41,402.41,401.1,401.62,401.655,405.13,395.26,405.6275,404.03999999999996
1598334300,401.58,401.77,400.26,400.37,401.655,405.13,392.06,405.8375,404.25
1598335200,400.37,400.66,399.2,399.59,401.33500000000004,404.19,389.76,405.8375,404.25
1598336100,399.59,400.3,396.43,397.55,399.95000000000005,402.745,389.7,406.0925,404.25
1598337000,397.56,399.07,396.5,399.06,399.95000000000005,401.775,389.25,406.0925,404.25
1598337900,399.06,399.06,396,397.34,399.735,401.4,390.16,406.0725,404.25
1598338800,397.33,397.4,394.35,394.78,398.91,400.57500000000005,391.69,405.9225,404.25
1598339700,394.77,395.97,392,394.95,397.55,399.4,389,405.9225,404.25
1598340600,394.96,396.58,394.57,395.65,397.20500000000004,399.4,389.76,405.9225,404.25
1598341500,395.64,395.64,393.91,395.3,396.885,399.4,382,406.20000000000005,404.25
1598342400,395.3,395.32,392.52,394.08,396.33000000000004,399.4,385.74,406.265,404.25
1598343300,394.08,394.5,390.2,390.57,395.25,398.1,386.36,405.8725,404.25
1598344200,390.5,394.77,389.61,393.66,394.34000000000003,396.685,384.09,405.20500000000004,404.25
1598345100,393.67,395.75,393.53,393.92,394.33500000000004,396.57500000000005,385.01,405.06500000000005,404.25
1598346000,393.92,395.94,393.11,394.48,393.505,396.54,381.22,404.76,404.25
1598346900,394.51,395.73,393.94,395.28,393.095,396.54,384.58,404.605,404.25
1598347800,395.29,395.29,393.9,394.17,393.095,396.54,385.56,404.475,404.25
1598348700,394.15,395.6,393.98,395.36,392.775,396.54,385.27,404.475,404.25
1598349600,395.37,396.39,394.33,395.15,393,396.54,385.41,404.475,404.25
1598350500,395.15,395.15,394.19,394.5,393,396.54,382.43,404.275,404.25
1598351400,394.5,395.5,394.36,395.48,393,396.54,375,403.465,404.25
1598352300,395.47,398.87,395.03,397.85,395.99,396.54,373.9,403.40999999999997,404.25
1598353200,397.86,398.67,396.8,397.7,395.99,396.54,373.72,403.19,404.25
1598354100,397.7,397.79,395.33,395.98,396.385,396.54,373.67,403.3925,404.25
1598355000,396,396.25,395.06,395.34,396.385,396.355,373.59,403.3925,404.25
1598355900,395.34,396.95,395.1,395.26,396.425,396.01,372.82,403.3925,404.25
1598356800,395.27,395.27,391.5,392.06,395.185,395.69,377.96,403.3925,404.25
1598357700,392.06,392.26,387.65,389.76,393.26,394.155,379.29,402.76250000000005,404.25
1598358600,389.76,390.17,387.94,389.7,393.26,393.975,380.07,401.3475,403.425
1598359500,389.68,390.38,388.3,389.25,393.26,393.36,378.63,400.8625,403.425
1598360400,389.22,391.52,388.43,390.16,393.15999999999997,393.355,381.64,400.5675,403.21000000000004
1598361300,390.15,392,390.03,391.69,392.72,393.26,381.21,399.74250000000006,402.385
1598362200,391.69,391.69,387.7,389,392.29999999999995,393.26,379.41,398.475,401.21000000000004
1598363100,388.96,390.53,388.06,389.76,392.29999999999995,393.26,378.24,398.3025,401.21000000000004
1598364000,389.79,389.79,382,382,388.635,390.435,378.4,398.1425,401.21000000000004
1598364900,382.04,386.01,381.66,385.74,386.96000000000004,390.265,380.66,397.865,401.21000000000004
1598365800,385.76,386.73,384.35,386.36,386.83000000000004,390.265,377.58,396.675,400.31
1598366700,386.36,386.36,383.92,384.09,386.83000000000004,390.265,380.97,395.51250000000005,400.015
1598367600,384.09,386.13,383.6,385.01,386.83000000000004,390.265,379.7,395.45500000000004,400.015
1598368500,385.01,385.03,381,381.22,386.5,389.935,379.93,395.02250000000004,400.015
1598369400,381.22,385.27,380.4,384.58,386.04499999999996,389.635,378.61,394.8175,400.015
1598370300,384.56,386.19,384.37,385.56,385.465,389.635,382.25,394.8175,400.015
1598371200,385.56,386.77,382.82,385.27,385.095,389.635,382.8,394.6575,400.015
1598372100,385.23,386.76,384.36,385.41,383.585,389.635,383.36,394.77,400.015
1598373000,385.4,385.77,381.69,382.43,383.585,389.635,382.6,394.77,400.015
1598373900,382.43,382.97,371.5,375,379.135,385.185,383.24,394.77,400.015
1598374800,375.08,376.85,370.04,373.9,378.405,384.45500000000004,384.4,396.265,400.015
1598375700,373.9,374.96,371.62,373.72,378.405,384.355,383.7,396.265,400.015
1598376600,373.74,375.59,371.81,373.67,378.405,383.915,382.93,396.4625,400.015
1598377500,373.68,374.31,370,373.59,378.385,383.475,381.01,396.37,400.015
1598378400,373.61,374.1,370.01,372.82,378.385,383.475,381.32,396.2175,400.015
1598379300,372.76,378.97,372.64,377.96,378.38,382.635,379.59,395.4375,400.015
1598380200,378.07,381.75,376.54,379.29,377.885,381.13,379.2,393.7075,399.03499999999997
1598381100,379.36,380.42,378,380.07,376.485,381,381.95,393.6175,398.41499999999996
1598382000,380.07,380.07,378.18,378.63,375.875,381,382.96,393.31,398.355
1598382900,378.63,382.6,377.66,381.64,376.3,381,383.05,393.2575,397.385
1598383800,381.67,381.88,379.39,381.21,376.3,381,382.41,392.99,397.225
1598384700,381.2,381.81,378.91,379.41,376.3,380.845,383.39,392.78,397.225
1598385600,379.41,379.7,377.29,378.24,376.305,380.265,383.24,392.78,397.225
1598386500,378.21,379.38,375.64,378.4,377.62,379.895,384.47,389.53499999999997,394.4
1598387400,378.38,381.5,378.38,380.66,379.12,378.385,387.19,388.6125,394.23
1598388300,380.65,381.25,377.25,377.58,379.12,378.385,385.42,388.5475,394.23
1598389200,377.51,381.02,377.51,380.97,379.12,378.385,385.01,388.5475,393.83000000000004
1598390100,380.98,380.98,379.63,379.7,379.12,378.385,384.05,388.5475,392.71000000000004
1598391000,379.65,380.62,379.14,379.93,378.76,378.385,386.29,388.2175,392.27
1598391900,379.93,380.35,378.6,378.61,378.725,378.385,386.19,387.84,391.935
1598392800,378.61,382.39,378.58,382.25,379.015,378.385,386.83,387.54999999999995,391.935
1598393700,382.25,384.23,382.21,382.8,379.935,378.385,385.88,387.365,391.935
1598394600,382.83,384.14,382.49,383.36,380.74,378.38,385.17,386.61,391.935
1598395500,383.42,383.95,382.39,382.6,380.74,377.885,385.88,386.61,391.935
1598396400,382.61,383.85,381.45,383.24,380.87,377.115,385.75,382.15999999999997,387.485
1598397300,383.24,384.41,382.4,384.4,381.495,377.20500000000004,386.97,381.43,386.755
1598398200,384.4,384.51,382.33,383.7,381.54499999999996,377.255,385.13,381.38,386.755
1598399100,383.73,384.87,382.84,382.93,381.725,377.435,382.6,381.15999999999997,386.755
1598400000,382.91,383.04,379.88,381.01,381.725,377.435,381.65,380.93,386.735
1598400900,381.03,381.85,380.22,381.32,382.375,377.44,380.82,380.93,386.55
1598401800,381.33,381.33,378.79,379.59,381.83000000000004,378.755,380.78,380.5075,386.20500000000004
1598402700,379.59,379.86,377.45,379.2,381.15999999999997,380.255,380.73,379.5075,385.885
1598403600,379.2,382,379.2,381.95,381.15999999999997,380.255,381.51,378.7425,385.33000000000004
1598404500,381.95,383.54,381,382.96,381.15999999999997,380.255,382.64,378.4375,385.15
1598405400,382.97,384.16,382.34,383.05,381.15999999999997,380.255,381.39,378.65,384.53499999999997
1598406300,383.05,383.3,381.89,382.41,381.15999999999997,380.255,382.87,378.65,384.53
1598407200,382.4,383.96,382.35,383.39,380.805,380.255,381.83,378.5725,384.435
1598408100,383.38,384.1,382.92,383.24,380.805,380.255,380.3,378.28499999999997,384.435
1598409000,383.23,385.17,383.22,384.47,381.31,380.405,382,378.7575,384.435
1598409900,384.46,387.76,384.46,387.19,382.605,382.505,382.48,378.7525,384.435
1598410800,387.16,387.95,385.28,385.42,383.575,382.6,381.93,378.7525,384.435
1598411700,385.36,386.14,384.79,385.01,384.475,382.7,381.12,378.7525,384.435
1598412600,384.94,385.44,383.96,384.05,384.91999999999996,382.7,381.42,378.7525,384.435
1598413500,384.05,386.35,383.85,386.29,384.91999999999996,382.7,383,378.5725,384.435
1598414400,386.29,386.86,384.79,386.19,385.15,382.7,384.96,378.555,384.435
1598415300,386.21,387.69,386.2,386.83,385.435,382.7,383.71,378.7,384.435
1598416200,386.79,387.05,385.25,385.88,385.58500000000004,382.7,382.5,379.15999999999997,384.435
1598417100,385.88,385.89,384.82,385.17,385.9,382.7,383.47,379.56,384.435
1598418000,385.17,386.39,385.17,385.88,385.9,382.7,384.27,379.3125,384.435
1598418900,385.88,386.61,385.53,385.75,385.77,382.7,383.41,378.9925,384.435
1598419800,385.75,387.47,385.46,386.97,385.77,382.7,382.43,379.35,384.435
1598420700,386.97,387.25,384.85,385.13,385.77,382.7,383.49,379.4,384.435
1598421600,385.14,385.44,382.39,382.6,385.03999999999996,382.7,380.42,379.58000000000004,384.33500000000004
1598422500,382.6,383.89,381.54,381.65,384.615,382.7,379.16,379.58000000000004,383.895
1598423400,381.65,382.57,380.1,380.82,383.785,382.7,379.69,379.9075,383.475
1598424300,380.8,381.91,380.7,380.78,383.785,382.7,379.99,380.2925,383.475
1598425200,380.75,381.55,379.3,380.73,383.385,382.7,377.67,380.7075,382.635
1598426100,380.73,382.13,380.17,381.51,383.385,383.575,382.77,380.7075,381.13
1598427000,381.51,383.16,381.5,382.64,383.385,383.625,384.24,380.7075,381
1598427900,382.6,382.76,381.02,381.39,383.275,383.625,387.68,380.7075,381
1598428800,381.39,382.88,381.39,382.87,382.37,383.625,387.37,380.7075,381
1598429700,382.88,384.04,381.62,381.83,381.67,383.625,387.61,380.53,381
1598430600,381.79,382.48,380.3,380.3,381.67,383.625,386.24,380.53,380.845
1598431500,380.3,382.11,380.15,382,381.67,383.625,387.86,380.85749999999996,380.265
1598432400,382,383.52,381.99,382.48,381.67,383.625,388.27,382.555,379.895
1598433300,382.52,383.6,381.58,381.93,382.095,383.625,388.27,383.0875,378.975
1598434200,381.94,382.87,380.93,381.12,382.095,383.495,389.86,383.5875,378.975
1598435100,381.12,382.53,381.08,381.42,382.095,383.495,389.3,383.80999999999995,378.975
1598436000,381.47,383.83,381.46,383,382.095,383.495,391.38,383.80999999999995,378.975
1598436900,382.98,385,381.88,384.96,382.575,383.495,390.11,383.92499999999995,378.975
1598437800,384.94,385.78,383.63,383.71,382.965,383.495,388.64,384.0675,378.975
1598438700,383.75,384,382.41,382.5,382.965,383.385,389.35,384.14250000000004,378.975
1598439600,382.5,383.95,382.5,383.47,383.355,383.385,388.23,384.29999999999995,378.975
1598440500,383.42,384.68,383.08,384.27,383.355,383.385,389.17,384.29999999999995,378.975
1598441400,384.28,385.5,383,383.41,383.355,383.385,388.12,384.235,378.975
1598442300,383.4,384.16,381.94,382.43,383.42999999999995,383.385,389.34,384.235,378.975
1598443200,382.43,383.57,382.43,383.49,383.62,383.275,388.34,384.235,378.975
1598444100,383.48,384.95,380.29,380.42,383.03499999999997,382.53999999999996,387.71,383.87,378.975
1598445000,380.4,381.34,378.76,379.16,382.27,382.27,387.38,383.6575,378.975
1598445900,379.13,380.17,377.56,379.69,381.53,381.66999999999996,387.33,383.2425,378.975
1598446800,379.7,380.61,378.26,379.99,381.53,381.66999999999996,387.36,383.2425,378.98
1598447700,379.99,380.26,377.37,377.67,381.435,381.575,387.06,383.0425,380.29499999999996
1598448600,377.68,383.05,377.46,382.77,381.435,381.575,387.02,383.48,381.79499999999996
1598449500,382.78,385.1,381.36,384.24,381.235,381.575,387.04,383.505,381.79499999999996
1598450400,384.25,389.26,384.18,387.68,383.315,383.315,387.91,383.45,381.79499999999996
1598451300,387.68,388.35,386.87,387.37,383.315,383.315,388.24,382.9975,381.79499999999996
1598452200,387.38,388.66,387.38,387.61,383.315,383.315,389.35,382.64750000000004,381.79499999999996
1598453100,387.6,388.06,385.32,386.24,383.315,383.315,388.09,382.64750000000004,381.79499999999996
1598454000,386.24,387.94,386.23,387.86,383.315,383.315,389.76,382.64750000000004,381.79499999999996
1598454900,387.87,388.3,387.21,388.27,383.315,383.315,388.59,382.64750000000004,381.79499999999996
1598455800,388.29,388.44,387.26,388.27,383.36,383.315,387.81,382.86,382.6
1598456700,388.3,390,388.07,389.86,385.68,383.685,387.19,382.795,382.6
1598457600,389.86,392.91,388.96,389.3,388.545,385.14,387.25,382.795,382.7
1598458500,389.31,392.47,388.32,391.38,389.115,385.14,386.08,382.795,382.7
1598459400,391.36,392.32,389.26,390.11,389.115,385.14,385.89,383.03499999999997,382.7
1598460300,390.15,390.36,388.27,388.64,389.115,385.14,386.51,383.23,382.7
1598461200,388.67,389.64,388.25,389.35,389.57000000000005,385.14,386.81,383.17499999999995,382.7
1598462100,389.41,389.82,387.99,388.23,390.06,385.14,386.41,383.37,382.7
1598463000,388.25,389.3,388.03,389.17,390.08500000000004,385.14,385.81,383.37,382.7
1598463900,389.18,389.22,387.55,388.12,390.23,385.14,387,383.37,382.7
1598464800,388.08,389.83,388.04,389.34,390.23,385.14,388.59,383.40749999999997,382.7
1598465700,389.35,389.42,388.32,388.34,390.01,385.14,388.21,383.4475,382.7
1598466600,388.33,389.1,387.2,387.71,389.76,385.14,388.13,382.78749999999997,382.7
1598467500,387.68,388,387.15,387.38,388.755,385.14,387.16,382.27,382.7
1598468400,387.39,388.31,387.25,387.33,388.49,385.14,387.15,381.59999999999997,382.7
1598469300,387.33,388.51,387.33,387.36,388.49,385.14,386.58,381.59999999999997,382.7
1598470200,387.37,387.74,386.68,387.06,388.255,385.14,385.57,381.505,382.65999999999997
1598471100,387.05,387.64,386.18,387.02,388.005,385.185,384.74,381.505,382.65999999999997
1598472000,387,387.65,386.72,387.04,388.005,387.135,385.4,381.405,382.65999999999997
1598472900,387.04,388.45,386.89,387.91,387.8,388.545,383.91,383.315,383.315
1598473800,387.92,388.42,387.12,388.24,387.64,389.115,383.46,383.315,383.315
1598474700,388.29,389.45,388.25,389.35,387.815,389.115,384.39,383.315,383.315
1598475600,389.35,389.73,388.05,388.09,387.95500000000004,389.115,384.86,383.315,383.315
1598476500,388.08,390.77,388.08,389.76,388.475,389.545,384.67,383.315,383.315
1598477400,389.76,389.77,388.02,388.59,388.475,389.545,384.1,383.315,383.315
1598478300,388.57,388.57,387.53,387.81,388.475,389.545,385.28,383.3375,383.315
1598479200,387.8,388.35,386.33,387.19,388.54999999999995,389.545,384.94,384.6825,383.685
1598480100,387.19,387.89,386.5,387.25,388.54999999999995,389.545,384,386.8425,385.14
1598481000,387.25,387.25,385.66,386.08,388.21500000000003,389.06500000000005,383.06,387.1275,385.14
1598481900,386.09,386.4,385.22,385.89,387.995,388.77,383.86,387.1275,385.14
1598482800,385.9,387.26,385.3,386.51,387.995,387.995,381.96,387.1275,385.14
1598483700,386.51,387.2,386.17,386.81,387.995,387.995,381.59,387.355,385.14
1598484600,386.78,387.24,386.05,386.41,387.495,387.995,381.59,387.6,385.14
1598485500,386.42,386.42,385.35,385.81,386.895,387.995,382.84,387.6125,385.14
1598486400,385.81,387.05,385.35,387,386.785,387.995,383.51,387.685,385.14
1598487300,386.99,388.73,386.8,388.59,386.975,387.995,383.94,387.685,385.14
1598488200,388.59,389.13,388.1,388.21,387.175,387.995,385,387.575,385.14
1598489100,388.2,388.64,387.38,388.13,387.175,387.995,384.79,387.45,385.14
1598490000,388.13,388.25,387.03,387.16,387.21500000000003,387.995,385.05,386.9475,385.14
1598490900,387.15,387.55,387,387.15,387.24,387.995,386.1,386.815,385.14
1598491800,387.2,388.4,386.4,386.58,387.24,387.995,385.89,386.815,385.14
1598492700,386.58,386.58,385.15,385.57,387.14,387.96,384.26,386.6975,385.14
1598493600,385.57,385.59,384.39,384.74,386.76,387.58,383.45,386.595,385.14
1598494500,384.74,385.78,384.39,385.4,386.76,387.58,383.62,387.57,385.14
1598495400,385.4,385.4,383.19,383.91,386.15999999999997,386.98,383.44,388.1725,385.14
1598496300,383.93,384.32,382.8,383.46,385.72,386.78499999999997,383.33,388.3775,385.14
1598497200,383.45,384.73,383.35,384.39,385.6,386.78499999999997,383.88,388.46500000000003,385.14
1598498100,384.4,384.99,384,384.86,385.6,386.78499999999997,386.33,388.535,385.14
1598499000,384.85,385.2,384.21,384.67,385.6,386.78499999999997,386.88,389.01,385.14
1598499900,384.65,385,384.05,384.1,384.69,386.28499999999997,385.49,389.01,385.14
1598500800,384.1,385.55,383.85,385.28,384.28999999999996,385.96500000000003,384.81,389.01,385.14
1598501700,385.26,385.65,384.58,384.94,384.28999999999996,385.96500000000003,383.41,389.0475,385.14
1598502600,384.95,385.13,383.74,384,384.225,385.96500000000003,384.05,389.0475,385.14
1598503500,384,384.55,383.05,383.06,384.225,385.96500000000003,383.85,388.64000000000004,385.14
1598504400,383.06,384.05,383.06,383.86,384.35,385.96500000000003,383.6,388.3825,385.14
1598505300,383.86,383.89,381.55,381.96,383.6,385.34000000000003,382.54,387.995,385.14
1598506200,382,382,380.71,381.59,383.17999999999995,384.91999999999996,382,387.995,385.14
1598507100,381.6,381.9,380.55,381.59,383.1,384.84000000000003,383.7,387.745,385.14
1598508000,381.59,383,381.22,382.84,383.1,384.84000000000003,381.47,387.445,385.14
1598508900,382.85,383.56,382.18,383.51,383.1,384.84000000000003,381.21,387.39,385.14
1598509800,383.54,384.01,383.37,383.94,382.84000000000003,384.84000000000003,385.55,387.485,385.14
1598510700,383.92,386.05,383.91,385,383.3,384.84000000000003,388.59,387.58500000000004,385.14
1598511600,385,385.36,384.35,384.79,383.3,384.595,394.62,387.58500000000004,385.14
1598512500,384.8,385.55,384.4,385.05,383.3,384.475,389.82,387.605,385.14
1598513400,385.07,386.69,384.6,386.1,383.62,384.475,388.5,387.6175,385.14
1598514300,386.08,386.65,385.51,385.89,383.62,384.475,382.11,387.6175,385.14
1598515200,385.88,385.88,383.01,384.26,383.95500000000004,383.62,384.74,387.54999999999995,385.14
1598516100,384.26,384.4,383.37,383.45,384.435,383.62,382.74,387.16999999999996,385.14
1598517000,383.45,384.2,383.32,383.62,384.85,383.62,383.23,387.16999999999996,385.185
1598517900,383.61,384.05,383.44,383.44,384.85,383.62,384.39,386.57,387.135
1598518800,383.45,383.75,382.61,383.33,384.65,383.62,383.06,386.2525,387.855
1598519700,383.36,384,383.14,383.88,384.65,383.62,383.68,386.1925,387.855
1598520600,383.86,387.15,383.86,386.33,384.88,383.85,383.79,386.1925,387.855
1598521500,386.33,387.79,386.17,386.88,385.20000000000005,384.17,385.64,386.1925,387.855
1598522400,386.86,388.1,385.2,385.49,385.355,384.32500000000005,382.77,385.48749999999995,387.855
1598523300,385.48,385.54,384.72,384.81,385.355,384.32500000000005,382.35,385.1275,387.855
1598524200,384.81,386,383.33,383.41,385.355,384.32500000000005,378.08,385.1275,387.855
1598525100,383.35,384.24,383.16,384.05,385.355,384.32500000000005,375.24,385.095,387.855
1598526000,384.03,385.41,383.74,383.85,385.355,384.32500000000005,376.73,385.095,387.855
1598526900,383.85,384.9,383.44,383.6,385.62,384.32500000000005,374.43,385.1575,387.635
1598527800,383.6,384.3,382.1,382.54,385.1,384.32500000000005,376.87,384.47,386.935
1598528700,382.54,383.92,382,382,385.05,384.32500000000005,378.74,384.04999999999995,385.74
1598529600,382.01,383.8,380.95,383.7,384.525,384.32500000000005,377.85,383.97,385.65999999999997
1598530500,383.7,383.7,381.14,381.47,383.475,384.525,378.41,383.97,385.65999999999997
1598531400,381.45,382.7,381.1,381.21,383.475,384.525,380.4,383.97,385.65999999999997
1598532300,381.2,386.6,381.2,385.55,383.775,384.525,379.9,383.84000000000003,385.65999999999997
1598533200,385.56,388.59,384.55,388.59,384.77,384.77,379.18,384.07000000000005,385.65999999999997
1598534100,388.59,395.21,388.58,394.62,388.08,388.08,378.24,383.9475,385.65999999999997
1598535000,394.66,397.1,388.7,389.82,389.025,389.025,377.81,383.88750000000005,385.65999999999997
1598535900,389.76,390,386.54,388.5,389.025,389.025,381.24,384.0475,385.65999999999997
1598536800,388.46,389.7,381.55,382.11,389.025,389.025,380.22,384.0475,385.65999999999997
1598537700,382.11,385.12,381.5,384.74,389.1,389.025,379.26,383.7875,385.65999999999997
1598538600,384.77,385.45,382.71,382.74,389.1,389.025,379.46,384.02750000000003,385.65999999999997
1598539500,382.77,383.67,381.8,383.23,389.15,389.025,379.74,384.235,385.65999999999997
1598540400,383.2,385.11,382.6,384.39,389.3,389.025,381.2,384.235,385.65999999999997
1598541300,384.37,384.4,382.82,383.06,389.3,389.025,382.21,384.135,385.65999999999997
1598542200,383.05,384.25,382.65,383.68,389.3,389.025,382.59,384.135,385.65999999999997
1598543100,383.67,384.68,383.43,383.79,385.75,389.025,380.98,384.365,385.65999999999997
1598544000,383.75,386.69,382.7,385.64,385.6,389.025,381.2,384.68500000000006,385.65999999999997
1598544900,385.64,386.7,382.65,382.77,384.1,389.025,380.77,384.84000000000003,385.65999999999997
1598545800,382.79,383.49,381.84,382.35,384.25,389.025,379.15,384.84000000000003,385.15999999999997
1598546700,382.35,382.95,377.6,378.08,382.15,387.35,381.42,384.84000000000003,384.84000000000003
1598547600,378.05,378.61,371.48,375.24,379.09000000000003,384.29,382.72,384.84000000000003,384.84000000000003
1598548500,375.25,377.59,372.7,376.73,379.09000000000003,384.29,382.5,384.84000000000003,384.84000000000003
1598549400,376.72,376.75,374.05,374.43,379.09000000000003,384.29,383.27,384.9725,384.84000000000003
1598550300,374.44,378,373.38,376.87,379.09000000000003,384.29,380.53,384.71250000000003,384.84000000000003
1598551200,376.9,379.26,375.84,378.74,379.09000000000003,384.29,380.55,384.6875,384.84000000000003
1598552100,378.75,379.13,376.61,377.85,379.09000000000003,384.29,382.7,384.425,384.84000000000003
1598553000,377.85,379.18,376.89,378.41,377.485,384.29,383.85,384,384.84000000000003
1598553900,378.4,381.82,377.67,380.4,377.21500000000003,384.29,385.03,384,384.84000000000003
1598554800,380.42,380.42,379.35,379.9,376.65,384.29,383.85,384.15,384.84000000000003
1598555700,379.91,380.38,378.16,379.18,377.26,384.29,384.68,384.77,384.84000000000003
1598556600,379.15,379.75,378.09,378.24,377.6,384.29,386.64,388.08,387.88
1598557500,378.25,378.98,377.34,377.81,377.6,384.29,387.17,389.025,388.82500000000005
1598558400,377.81,381.3,376.66,381.24,378.83,380.74,386.25,389.025,388.82500000000005
1598559300,381.23,381.81,380.19,380.22,379.21500000000003,380.59000000000003,386.34,389.025,388.82500000000005
1598560200,380.22,380.8,379.13,379.26,379.24,379.09000000000003,386.16,389.0625,388.82500000000005
1598561100,379.26,380.18,378.95,379.46,379.24,379.09000000000003,388.25,389.0625,388.82500000000005
1598562000,379.45,380.47,378.71,379.74,379.235,379.09000000000003,386.13,389.0875,388.82500000000005
1598562900,379.74,381.67,379.73,381.2,379.235,379.09000000000003,385.89,389.1625,388.82500000000005
1598563800,381.2,382.56,380.66,382.21,379.61,379.09000000000003,387.39,389.1625,388.82500000000005
1598564700,382.2,382.6,381.05,382.59,379.63,379.09000000000003,387.79,389.1625,388.82500000000005
1598565600,382.59,383.31,380.6,380.98,379.985,379.09000000000003,387.05,387.3875,388.82500000000005
1598566500,381,381.58,380.01,381.2,381.01,379.09000000000003,386.92,387.3125,388.82500000000005
1598567400,381.2,381.25,379.88,380.77,381.01,379.09000000000003,388.05,386.5625,388.82500000000005
1598568300,380.78,380.78,378.9,379.15,381.01,377.485,386.9,386.6375,388.82500000000005
1598569200,379.15,381.49,379.15,381.42,381.01,377.395,386.77,384.75,387.35
1598570100,381.39,383,381.05,382.72,381.105,377.395,387.19,381.69000000000005,384.29
1598571000,382.72,383.65,382.09,382.5,381.275,378.17499999999995,388.21,381.69000000000005,384.29
1598571900,382.5,383.3,381.5,383.27,381.275,378.515,387.87,381.69000000000005,384.29
1598572800,383.31,383.95,380.3,380.53,381.42499999999995,378.66499999999996,389.67,381.69000000000005,384.29
1598573700,380.54,381.15,380,380.55,381.42499999999995,379.895,390.37,381.69000000000005,384.29
1598574600,380.55,382.94,379.75,382.7,381.42499999999995,380.28,390.97,381.69000000000005,384.29
1598575500,382.74,383.85,382.19,383.85,381.42499999999995,380.305,389.24,380.88750000000005,384.29
1598576400,383.85,385.08,383.49,385.03,382.115,380.87,388.14,380.75250000000005,384.29
1598577300,385.02,385.1,383.55,383.85,382.425,380.88,386.93,380.47,384.29
1598578200,383.85,384.81,383.36,384.68,382.425,380.88,387.28,380.775,384.29
1598579100,384.69,387,384.65,386.64,383.375,381.83000000000004,387.94,380.94500000000005,384.29
1598580000,386.65,387.5,386.02,387.17,383.625,382.08000000000004,388.1,380.94500000000005,384.29
1598580900,387.17,387.22,385.81,386.25,383.625,382.08000000000004,388.25,379.78499999999997,384.29
1598581800,386.26,386.64,385.8,386.34,383.625,383.105,387.49,379.90250000000003,384.29
1598582700,386.37,387.16,384.97,386.16,384.845,383.105,389.44,379.165,384.29
1598583600,386.16,388.3,386.16,388.25,385.83000000000004,383.505,390.65,379.165,384.29
1598584500,388.25,388.65,385.74,386.13,386.005,383.67999999999995,390.49,379.1625,384.29
1598585400,386.1,386.63,385.62,385.89,386.005,383.775,391.8,379.1625,384.29
1598586300,385.89,387.52,385.68,387.39,386.65,383.775,390.52,379.35,384.29
1598587200,387.39,388.15,386.8,387.79,386.81,383.775,389.86,379.36,384.29
1598588100,387.79,387.9,386.65,387.05,386.81,383.775,391.19,379.5375,384.29
1598589000,387.05,387.24,386.2,386.92,386.81,383.775,391.42,380.05,384.29
1598589900,386.93,388.41,386.93,388.05,386.81,383.775,390.99,380.05,384.29
1598590800,388.15,388.65,386.7,386.9,387.135,383.775,391.19,379.2475,384.29
1598591700,386.92,387.44,386.36,386.77,387.135,383.9,393.24,379.2025,384.29
1598592600,386.77,387.39,386.35,387.19,387.135,384.2,393.68,379.25,384.29
1598593500,387.18,389,386.91,388.21,387.34000000000003,384.375,392.86,379.72499999999997,384.29
1598594400,388.21,388.64,387.13,387.87,387.6,384.375,392.39,379.895,384.29
1598595300,387.89,389.95,387.81,389.67,388.075,384.85,392.59,380.04499999999996,384.29
1598596200,389.68,391.75,388.95,390.37,388.975,385.75,391.2,380.65999999999997,384.29
1598597100,390.37,391.24,390.06,390.97,389.05,385.75,391.46,380.85249999999996,384.29
1598598000,390.9,391.55,388.85,389.24,389.05,386.97,390.85,380.865,384.29
1598598900,389.24,389.25,387.74,388.14,389.05,387.555,390.72,381.4925,384.29
1598599800,388.14,388.41,386.86,386.93,389.05,387.555,392.18,381.65250000000003,384.29
1598600700,386.94,387.66,386.54,387.28,389.145,387.555,392.81,381.65250000000003,384.29
1598601600,387.3,388,386.25,387.94,389,388.2,391.25,382.6025,384.29
1598602500,387.94,388.46,386.91,388.1,389,388.36,390.69,382.8525,384.29
1598603400,388.06,388.95,387.3,388.25,389,388.36,391.4,382.8525,384.29
1598604300,388.26,388.26,387.29,387.49,388.9,388.36,393.39,383.365,380.74
1598605200,387.49,389.45,387.47,389.44,388.9,388.36,396.08,383.975,380.59000000000003
1598606100,389.44,391.7,389.17,390.65,388.975,388.685,396.2,384.6675,379.89
1598607000,390.65,391.25,389.65,390.49,388.975,388.685,396.23,384.8425,380.065
1598607900,390.48,392.29,390.21,391.8,389.27,388.95500000000004,396.79,384.89,380.065
1598608800,391.79,392.17,389.44,390.52,389.27,388.985,395.3,385.2125,380.065
1598609700,390.52,391.3,389.7,389.86,389.6,389.245,396.15,385.2925,380.065
1598610600,389.85,391.31,389.65,391.19,389.79,389.245,395.4,385.2925,380.065
1598611500,391.2,391.59,390.4,391.42,389.79,389.245,395.95,385.2925,380.065
1598612400,391.41,391.68,390.05,390.99,389.88,389.27,394.9,385.2925,380.065
1598613300,391,391.98,390.76,391.19,390.73,389.27,392.7,385.455,380.065
1598614200,391.2,393.64,391.2,393.24,391.53999999999996,389.945,393.59,385.5175,380.065
1598615100,393.24,394.14,392.65,393.68,391.78999999999996,390.195,394.05,385.6675,380.065
1598616000,393.68,393.97,392.36,392.86,391.78999999999996,390.195,395.04,385.8575,380.24
1598616900,392.87,393.49,392,392.39,391.895,390.195,394.8,385.9875,380.85
1598617800,392.41,392.8,391.62,392.59,391.895,390.195,394.61,386.4625,381.66499999999996
1598618700,392.6,392.68,390.03,391.2,392.085,390.195,395.53,387.3625,382.565
1598619600,391.2,392,390.25,391.46,392.085,390.195,395.66,387.4,383.79499999999996
1598620500,391.46,392.1,390.77,390.85,392.085,390.195,397.6,388.01,384.18
1598621400,390.86,391.91,390.3,390.72,392.085,390.195,395.94,388.3025,384.20500000000004
1598622300,390.72,392.18,390.68,392.18,392.085,390.195,395.58,388.3025,384.20500000000004
1598623200,392.18,393.31,390.83,392.81,392,390.195,395.22,388.35,384.20500000000004
1598624100,392.8,393.2,391.1,391.25,391.76,390.195,394.95,388.6,384.20500000000004
1598625000,391.26,391.9,390.15,390.69,391.66999999999996,390.525,393.94,388.68,384.20500000000004
1598625900,390.7,391.77,389.68,391.4,391.495,390.71500000000003,395.02,388.68,384.20500000000004
1598626800,391.41,393.78,391.41,393.39,391.73,390.71500000000003,394.35,388.63,384.20500000000004
1598627700,393.39,396.52,393.26,396.08,393.1,391.995,393.9,388.63,385.23
1598628600,396.08,397,394.55,396.2,393.34000000000003,393.08500000000004,394.2,388.83000000000004,385.23
1598629500,396.23,396.85,395.25,396.23,393.34000000000003,393.22,392.91,388.83000000000004,385.23
1598630400,396.23,398,394.83,396.79,393.84000000000003,393.72,392.65,389.1125,385.5
1598631300,396.79,396.85,395.06,395.3,393.84000000000003,393.72,391.7,389.1275,385.595
1598632200,395.34,396.47,395,396.15,393.84000000000003,393.825,392.21,389.4225,385.595
1598633100,396.15,397.09,395.39,395.4,393.84000000000003,393.825,393.31,389.51750000000004,385.595
1598634000,395.44,396.54,394.85,395.95,394.70500000000004,393.84000000000003,393.9,389.51750000000004,385.595
1598634900,395.95,396.21,394.7,394.9,395.63,393.84000000000003,395.84,389.575,385.595
1598635800,394.9,395.7,392.7,392.7,395.35,393.84000000000003,395.11,390,385.595
1598636700,392.75,394.18,392.74,393.59,395.35,393.84000000000003,393.91,390.74249999999995,386.27
1598637600,393.58,394.95,393.25,394.05,395.35,393.84000000000003,393.36,390.99249999999995,386.645
1598638500,394.05,395.5,393.61,395.04,394.895,393.84000000000003,393.64,390.99249999999995,386.945
1598639400,395.04,395.24,394.36,394.8,394.895,393.84000000000003,393.77,391.04499999999996,386.945
1598640300,394.77,395.32,394.2,394.61,394.895,393.84000000000003,393.5,391.04499999999996,386.945
1598641200,394.62,396.03,394.51,395.53,394.62,393.84000000000003,393.4,391.14,386.945
1598642100,395.54,396.1,395.13,395.66,394.455,393.84000000000003,393.1,391.14,386.945
1598643000,395.64,397.76,395.14,397.6,395.23,393.84000000000003,392.97,391.14,386.945
1598643900,397.6,397.6,395.92,395.94,395.25,393.84000000000003,393.33,391.14,388.16499999999996
1598644800,395.93,395.94,395.25,395.58,395.505,393.84000000000003,393.51,391.14,388.75
1598645700,395.59,395.85,394.6,395.22,395.685,393.84000000000003,393.36,391.09749999999997,388.75
1598646600,395.22,395.22,394.4,394.95,395.98,393.84000000000003,392.73,390.97749999999996,388.75
1598647500,394.96,395.15,393.45,393.94,395.605,393.84000000000003,392.74,391.09749999999997,389.395
1598648400,393.93,395.04,393,395.02,395.38,393.84000000000003,392.91,391.105,389.555
1598649300,395.04,395.05,393.85,394.35,395.38,394.70500000000004,394.51,391.2225,389.555
1598650200,394.34,394.37,392.69,393.9,395.225,395.345,394.38,392.5475,390.745
1598651100,393.91,395.16,393.35,394.2,395.145,395.345,395.33,393.21250000000003,390.985
1598652000,394.23,394.64,392.91,392.91,394.315,395.345,394.37,393.28000000000003,391.31
1598652900,392.9,392.99,391.79,392.65,393.82000000000005,394.895,394.56,393.78000000000003,391.81
1598653800,392.6,392.6,390.85,391.7,393.035,394.305,394.84,393.78000000000003,391.81
1598654700,391.69,392.58,391.37,392.21,393.005,394.305,396.44,393.8325,391.84000000000003
1598655600,392.2,393.5,391.85,393.31,393.005,394.305,394.99,393.8325,392.1
1598656500,393.31,394.35,392.98,393.9,393.005,394.305,394.9,394.27250000000004,392.1
1598657400,393.93,395.95,393.8,395.84,393.4,394.305,395.92,394.735,392.1
1598658300,395.85,396.39,394.75,395.11,393.62,394.305,398.34,394.595,392.125
1598659200,395.1,395.94,393.79,393.91,393.62,394.305,398.64,394.595,392.125
1598660100,393.9,394.59,393.22,393.36,393.62,394.305,398.26,394.595,392.125
1598661000,393.36,394.12,392.99,393.64,393.62,394.305,399.2,394.3675,392.125
1598661900,393.63,394.18,392.35,393.77,393.88,394.305,399.51,394.3675,392.125
1598662800,393.78,393.8,392.47,393.5,394.12,394.305,400.67,394.3675,392.125
1598663700,393.54,394,392.72,393.4,394.37,394.305,402.34,394.23,392.125
1598664600,393.4,393.96,392.8,393.1,394.37,394.305,403.32,394.14750000000004,392.125
1598665500,393.1,393.3,392.57,392.97,394.37,394.305,402.39,394.535,392.125
1598666400,392.97,393.44,391.88,393.33,393.90999999999997,394.225,402.19,394.545,392.125
1598667300,393.33,393.95,392.66,393.51,393.235,393.62,401.98,394.6725,392.125
1598668200,393.52,393.8,393.1,393.36,393.03,393.62,402.21,394.76250000000005,392.125
1598669100,393.36,394.1,392.6,392.73,393.03,393.62,402.55,394.91,392.125
1598670000,392.72,393.14,392.18,392.74,392.99,393.62,402.05,394.7225,392.125
1598670900,392.78,393.3,392.15,392.91,392.99,393.62,403.16,394.61,392.45500000000004
1598671800,392.91,394.89,392.7,394.51,393.385,393.62,402.89,395.0425,392.645
1598672700,394.5,395.25,394.11,394.38,393.565,393.62,401.76,395.285,392.645
1598673600,394.37,395.5,394.17,395.33,393.69,393.62,401.56,395.245,392.735
1598674500,395.34,395.34,393.23,394.37,393.825,393.62,398.68,394.83000000000004,393.58500000000004
1598675400,394.35,395.3,393.76,394.56,393.825,393.62,397.49,394.3575,393.72
1598676300,394.55,395.09,394.16,394.84,393.825,393.62,397.93,393.67,393.72
1598677200,394.84,396.8,394.84,396.44,394.475,394.08500000000004,398.54,393.655,393.72
1598678100,396.44,396.81,394.45,394.99,394.48,394.33000000000004,398.41,393.655,393.825
1598679000,394.99,395.59,394.58,394.9,394.755,394.345,397.75,393.655,393.825
1598679900,394.9,396.32,394.76,395.92,395.02,394.345,399.2,393.85249999999996,393.84000000000003
1598680800,395.91,399.24,395.82,398.34,396.235,395.56,399.26,393.9625,393.84000000000003
1598681700,398.35,399.95,398.24,398.64,396.59000000000003,395.91499999999996,398.26,393.9625,393.84000000000003
1598682600,398.65,399.02,397.4,398.26,396.855,395.91499999999996,398.74,393.9625,393.84000000000003
1598683500,398.26,399.3,398.26,399.2,397.055,395.91499999999996,398.46,393.9625,393.84000000000003
1598684400,399.2,399.7,398.15,399.51,397.2,395.91499999999996,398.77,394.0925,393.84000000000003
1598685300,399.51,400.76,398.61,400.67,397.605,396.32,397.49,394.2125,393.84000000000003
1598686200,400.67,403.3,400.4,402.34,398.94,397.59000000000003,396.42,394.3375,393.84000000000003
1598687100,402.34,404.15,402.31,403.32,399.455,398.015,396.91,394.3375,393.84000000000003
1598688000,403.32,404.22,401.36,402.39,400.02,398.05,397.86,394.3375,393.84000000000003
1598688900,402.4,402.83,401.46,402.19,400.81,398.05,398.73,394.0675,393.84000000000003
1598689800,402.18,402.62,401.25,401.98,400.81,398.185,399.45,393.4275,393.84000000000003
1598690700,401.96,402.39,401.13,402.21,401.185,398.185,399.21,393.325,393.84000000000003
1598691600,402.23,402.74,401.2,402.55,401.185,398.185,401.9,393.325,393.84000000000003
1598692500,402.55,403.23,401.56,402.05,401.415,398.185,401.45,393.305,393.84000000000003
1598693400,402.05,403.65,402.05,403.16,402.31,398.185,402.47,393.305,393.84000000000003
1598694300,403.17,403.81,402.27,402.89,402.675,398.46000000000004,401.21,393.5025,393.84000000000003
1598695200,402.9,403.4,401.22,401.76,402.675,398.725,401.52,393.5925,394.425
1598696100,401.79,402.02,401.41,401.56,402.47,398.725,402.47,393.655,394.425
1598697000,401.56,401.6,398.57,398.68,401.19,398.725,402.54,393.72249999999997,394.425
1598697900,398.68,399.67,397.41,397.49,400.61,398.99,401.91,393.72249999999997,394.425
1598698800,397.48,399.11,397.06,397.93,400.435,399.19000000000005,403.87,393.72249999999997,394.425
1598699700,397.91,398.95,396.29,398.54,400.05,399.33500000000004,402.86,394.28000000000003,394.305
1598700600,398.51,399.15,397.47,398.41,400.05,399.33500000000004,401.7,394.40500000000003,394.305
1598701500,398.41,399.15,397.75,397.75,400.05,399.4,402.58,394.55,394.305
1598702400,397.76,399.75,397.55,399.2,399.845,399.49,402.4,394.6825,394.305
1598703300,399.2,399.74,398.9,399.26,399.155,400.02,404.38,395.89750000000004,395.045
1598704200,399.26,399.75,397.98,398.26,398.94500000000005,400.255,403.53,396.2525,395.4
1598705100,398.3,398.78,397.62,398.74,398.02,400.255,404.46,396.385,395.4
1598706000,398.72,399.19,397.95,398.46,398.02,400.255,404.56,396.485,395.4
1598706900,398.44,399.16,398.2,398.77,398.02,400.255,404.81,396.5575,395.4
1598707800,398.79,399.3,396.86,397.49,398.305,400.255,402.81,396.9625,395.805
1598708700,397.5,397.65,395.72,396.42,397.735,399.97,403.19,398.265,397.07500000000005
1598709600,396.42,397.24,396.08,396.91,397.735,399.97,404.88,398.735,397.5
1598710500,396.9,397.9,396.43,397.86,397.735,399.97,404.62,399.03499999999997,397.535
1598711400,397.85,399.26,397.61,398.73,397.735,399.765,405.17,399.43,397.535
1598712300,398.75,399.81,398.47,399.45,397.765,399.765,404.2,399.4975,397.535
1598713200,399.45,399.78,398.82,399.21,397.765,399.765,404.27,399.685,397.535
1598714100,399.21,402.53,398.89,401.9,399.125,399.765,405.45,399.685,397.535
1598715000,401.9,402.79,401.02,401.45,399.255,399.765,404.65,399.8,397.535
1598715900,401.45,403.2,400.15,402.47,399.46000000000004,399.765,403.52,400.2475,397.535
1598716800,402.49,402.88,400.72,401.21,399.64,399.765,403.42,400.5675,397.535
1598717700,401.23,402.89,401.05,401.52,399.815,399.56,402.36,400.70000000000005,397.535
1598718600,401.52,402.72,401.52,402.47,400.405,399.46000000000004,400.61,400.5975,397.535
1598719500,402.49,403.56,402.2,402.54,401.015,399.64,402.49,399.9575,397.535
1598720400,402.54,402.82,401.54,401.91,401.19,399.64,401.66,399.8,397.535
1598721300,401.91,403.99,401.9,403.87,401.44,399.855,400.61,399.8125,397.535
1598722200,403.88,404.3,402.53,402.86,402.225,400.01,398.65,399.6925,397.535
1598723100,402.85,403.35,401.43,401.7,402.225,400.01,399.62,399.6925,397.795
1598724000,401.7,403.06,401.66,402.58,402.51,400.01,400.35,399.725,398.035
1598724900,402.59,403.18,402.25,402.4,402.675,400.01,400.61,399.6675,398.05
1598725800,402.4,404.47,402.39,404.38,402.95000000000005,400.095,401.4,399.5875,398.05
1598726700,404.39,404.7,403.33,403.53,403.065,400.21000000000004,402.52,399.6,398.05
1598727600,403.53,404.54,403.44,404.46,403.065,400.21000000000004,403.5,399.1375,398.05
1598728500,404.46,404.6,403.78,404.56,403.065,400.21000000000004,405.88,399.1375,398.05
1598729400,404.54,405.69,404.06,404.81,403.56,400.70500000000004,406.32,399.1375,398.05
1598730300,404.81,405.1,402.3,402.81,403.56,400.70500000000004,405.32,399.28,398.05
1598731200,402.8,403.7,402.72,403.19,403.675,400.70500000000004,405.09,398.8525,398.05
1598732100,403.19,404.94,403.19,404.88,403.97,400.885,405.24,398.8525,398.05
1598733000,404.89,405.1,403.66,404.62,403.995,401.06,405.51,398.8525,398.05
1598733900,404.63,405.25,404.59,405.17,403.995,401.65,405.38,398.75,398.05
1598734800,405.16,405.37,403.34,404.2,403.995,402.08000000000004,404.36,398.765,398.05
1598735700,404.2,404.47,403.1,404.27,403.995,402.255,404.16,398.765,398.185
1598736600,404.28,405.57,404.1,405.45,403.995,402.28999999999996,404.91,399.445,398.185
1598737500,405.44,405.5,404.33,404.65,403.935,402.91999999999996,404.06,399.51,398.185
1598738400,404.69,404.9,403.33,403.52,404.145,402.91999999999996,404.13,399.6125,398.185
1598739300,403.52,404.15,402.6,403.42,404.08500000000004,403.20500000000004,403.5,399.7025,398.185
1598740200,403.4,403.55,401.79,402.36,403.68,403.37,403.95,399.6875,398.46000000000004
1598741100,402.37,402.71,400.19,400.61,402.88,402.94,403.7,399.9325,398.725
1598742000,400.62,402.54,400.19,402.49,402.88,402.94,403.34,400.3275,398.725
1598742900,402.47,402.63,401.65,401.66,402.88,402.94,403.98,400.41499999999996,398.725
1598743800,401.74,402.1,400.28,400.61,402.88,402.94,403.84,400.64750000000004,398.99
1598744700,400.61,400.74,398.3,398.65,401.9,401.995,404.34,401.1175,399.23
1598745600,398.65,399.9,398.3,399.62,401.6,401.995,404.25,401.1175,399.375
1598746500,399.62,401.14,399.51,400.35,401.225,401.995,403.5,401.26,399.375
1598747400,400.34,401.11,399.28,400.61,400.925,401.995,403.96,401.3425,399.44
1598748300,400.64,401.78,400.29,401.4,400.505,401.995,404.94,401.52250000000004,399.615
1598749200,401.39,402.63,400.82,402.52,400.46500000000003,401.995,405.01,401.63750000000005,400.21000000000004
1598750100,402.52,403.7,402.4,403.5,401,401.995,405.79,401.63750000000005,400.21000000000004
1598751000,403.5,407,403.27,405.88,402.65,402.65,405.39,401.63750000000005,400.21000000000004
1598751900,405.88,406.57,405.05,406.32,402.65,402.65,405.51,402.13250000000005,400.70500000000004
1598752800,406.32,406.76,404.55,405.32,402.65,402.65,405.11,402.13250000000005,400.70500000000004
1598753700,405.32,405.8,404.36,405.09,403.14,402.65,404.58,402.19000000000005,400.70500000000004
1598754600,405.1,405.59,404.21,405.24,403.14,402.65,403.12,402.4275,400.70500000000004
1598755500,405.25,406.5,405.21,405.51,403.645,402.65,404.03,402.52750000000003,400.70500000000004
1598756400,405.53,405.69,404.73,405.38,403.90999999999997,402.65,403.81,402.8225,400.70500000000004
1598757300,405.39,406,403.8,404.36,404.7,402.65,404.89,403.0375,400.70500000000004
1598758200,404.37,404.65,403.6,404.16,405.135,402.65,404.86,403.125,400.70500000000004
1598759100,404.17,405.19,404.03,404.91,405.18,402.65,404.17,403.1425,400.70500000000004
1598760000,404.93,405.77,403.88,404.06,405.18,402.65,403.94,403.4275,400.70500000000004
1598760900,404.1,404.8,403.69,404.13,405.05,402.65,404.33,403.53249999999997,400.70500000000004
1598761800,404.1,404.17,403.46,403.5,404.98,402.65,403.7,403.64500000000004,400.70500000000004
1598762700,403.55,404.63,403.35,403.95,404.925,402.65,404.56,403.525,400.70500000000004
1598763600,403.95,404.84,403.54,403.7,404.675,402.65,405.74,402.90999999999997,400.70500000000004
1598764500,403.7,403.8,402.85,403.34,404.425,402.65,405.83,402.90999999999997,400.70500000000004
1598765400,403.33,404.13,403.16,403.98,404.31,402.65,406.66,402.90999999999997,400.70500000000004
1598766300,403.98,404.36,403.54,403.84,404.31,402.65,405.45,402.90999999999997,400.70500000000004
1598767200,403.84,404.74,403.65,404.34,404.31,402.65,406.38,401.9475,400.70500000000004
1598768100,404.33,405.29,404,404.25,404.07000000000005,402.65,407.6,401.7975,400.70500000000004
1598769000,404.26,404.68,403.2,403.5,404.07000000000005,403.14,407.28,401.61,400.70500000000004
1598769900,403.55,404.68,403.55,403.96,404.07000000000005,403.14,411.82,401.46000000000004,400.70500000000004
1598770800,403.95,405.05,403.7,404.94,404.07000000000005,403.645,412.14,401.25,400.70500000000004
1598771700,404.94,405.36,404.34,405.01,404.105,403.90999999999997,412.89,401.23,400.70500000000004
1598772600,405.03,406.1,404.66,405.79,404.63,404.7,413.94,401.4975,400.70500000000004
1598773500,405.81,406.03,405.17,405.39,404.65,404.925,412.49,402.65,401.36
1598774400,405.39,406.61,405.05,405.51,404.905,404.805,413.44,402.65,401.36
1598775300,405.56,406.61,404.72,405.11,404.905,404.805,414.26,402.65,401.36
1598776200,405.11,405.34,404.2,404.58,404.905,404.73,414.66,402.895,401.36
1598777100,404.59,405.02,402.85,403.12,404.73,404.73,415.1,402.895,401.36
1598778000,403.11,404.14,402.8,404.03,404.70500000000004,404.70500000000004,416.78,403.1475,401.53999999999996
1598778900,404.03,404.24,403.3,403.81,404.70500000000004,404.70500000000004,418.04,403.28,401.71500000000003
1598779800,403.82,404.93,403.81,404.89,404.70500000000004,404.70500000000004,416.81,403.67499999999995,402.305
1598780700,404.89,405.79,404.64,404.86,404.70500000000004,404.70500000000004,416.14,403.8925,402.65
1598781600,404.84,405.03,403.92,404.17,404.70500000000004,404.70500000000004,417.97,403.91499999999996,402.65
1598782500,404.17,404.45,403.65,403.94,404.70500000000004,404.70500000000004,422.89,403.91499999999996,402.65
1598783400,403.94,404.92,403.85,404.33,404.295,404.70500000000004,423.4,403.85,402.65
1598784300,404.33,404.34,403.05,403.7,404.295,404.70500000000004,423.66,403.815,402.65
1598785200,403.7,404.84,403.2,404.56,404.295,404.70500000000004,424.01,403.7875,402.65
1598786100,404.6,405.85,404.6,405.74,404.45000000000005,404.70500000000004,424.93,403.6625,402.65
1598787000,405.74,406.37,405.2,405.83,404.71000000000004,404.70500000000004,423.88,403.5375,402.65
1598787900,405.85,407.65,405.13,406.66,405.35,405.225,423.5,403.48,402.65
1598788800,406.66,408.88,405.1,405.45,405.96500000000003,405.84000000000003,422.72,403.48,402.65
1598789700,405.37,406.66,404.83,406.38,405.96500000000003,405.84000000000003,423.43,403.48,402.65
1598790600,406.39,408,405.95,407.6,405.96500000000003,405.84000000000003,426.71,403.36,402.65
1598791500,407.6,408.39,407.17,407.28,405.96500000000003,405.84000000000003,426.59,403.605,402.65
1598792400,407.25,413.31,407.2,411.82,408.255,408.055,425.94,403.605,402.65
1598793300,411.77,413.11,410.99,412.14,408.95500000000004,408.055,425.44,403.8575,402.65
1598794200,412.1,413.78,411.25,412.89,409.30499999999995,408.28999999999996,425.07,404.0075,402.65
1598795100,412.89,415,412.77,413.94,409.91499999999996,408.9,423,404.66499999999996,402.65
1598796000,414.01,414.69,411.66,412.49,409.91499999999996,408.9,421.31,404.7875,402.65
1598796900,412.44,413.52,412,413.44,409.91499999999996,408.9,422.19,404.855,402.65
1598797800,413.45,414.32,413.45,414.26,410.475,408.9,422.96,404.855,402.65
1598798700,414.29,416.15,413.52,414.66,411.65999999999997,409.475,423.33,404.8175,402.65
1598799600,414.71,415.31,413.73,415.1,411.67499999999995,409.475,424.25,404.73,402.65
1598800500,415.11,417.99,414.81,416.78,414.49,410.395,423.48,404.70500000000004,402.65
1598801400,416.77,418.5,416.21,418.04,414.875,410.775,421.68,404.70500000000004,402.65
1598802300,418.04,418.63,414.58,416.81,415.145,410.84000000000003,422.76,404.70500000000004,402.65
1598803200,416.81,418.14,415.06,416.14,415.145,410.84000000000003,422.88,404.70500000000004,402.65
1598804100,416.18,418.13,416.18,417.97,415.315,410.84000000000003,422.72,404.70500000000004,402.65
1598805000,417.97,423.32,417.69,422.89,418.385,413.185,423.84,404.70500000000004,402.65
1598805900,422.85,424.5,421.61,423.4,419.01,413.775,426.87,404.5,402.65
1598806800,423.44,424.95,422.41,423.66,419.34000000000003,414,428.16,404.5,402.65
1598807700,423.66,424.57,422.26,424.01,419.765,414.075,427.36,404.5,402.65
1598808600,424.02,425.73,423.55,424.93,420.155,415.165,428.94,404.57750000000004,402.65
1598809500,424.91,425.04,423.3,423.88,420.155,415.28,428.26,404.70750000000004,402.65
1598810400,423.89,424.77,422.7,423.5,420.395,415.28,427.75,405.2875,402.975
1598811300,423.49,424.4,422.64,422.72,420.95500000000004,415.28,427.91,405.90250000000003,403.59000000000003
1598812200,422.75,423.85,422.74,423.43,421.71000000000004,415.28,426.07,405.90250000000003,403.59000000000003
1598813100,423.43,426.78,423.38,426.71,424.195,416.365,425.03,405.90250000000003,403.59000000000003
1598814000,426.72,427.9,425.35,426.59,425.08,417.53499999999997,426.37,405.90250000000003,403.59000000000003
1598814900,426.59,426.84,425.69,425.94,425.08,417.54999999999995,425.4,408.155,406.29499999999996
1598815800,425.95,426.54,425.3,425.44,425.27,419.445,426.75,408.505,406.29499999999996
1598816700,425.46,425.67,424.57,425.07,425.27,419.575,425.93,408.79749999999996,407.03499999999997
1598817600,425.06,426.44,422.29,423,425.095,419.78,426.58,409.40749999999997,407.90999999999997
1598818500,423,423.19,420.42,421.31,424.15999999999997,419.78,426.22,409.40749999999997,408.7
1598819400,421.37,422.3,421.19,422.19,424.15999999999997,419.95,425.39,409.40749999999997,408.9
1598820300,422.24,423.26,420.93,422.96,424.15999999999997,420.67499999999995,425.44,409.6875,408.9
1598821200,422.94,423.69,422.33,423.33,424.15999999999997,420.71,425.64,410.5675,409.475
1598822100,423.35,424.28,423.23,424.25,423.63,420.815,426.04,410.575,409.475
1598823000,424.25,424.79,423.39,423.48,423.48,421.24,425.05,412.4425,410.395
1598823900,423.43,423.44,420.38,421.68,423.40999999999997,421.24,427.14,412.825,410.65
1598824800,421.72,423.14,421.16,422.76,423.40999999999997,421.24,426.29,412.9925,410.71500000000003
1598825700,422.77,423.95,422.32,422.88,422.58500000000004,421.48,425.91,412.9925,410.71500000000003
1598826600,422.87,423.72,422,422.72,422.58500000000004,422.03999999999996,424.71,413.0775,410.71500000000003
1598827500,422.72,424.21,422.37,423.84,422.58500000000004,422.79499999999996,425.69,415.78499999999997,413.06
1598828400,423.83,426.88,423.66,426.87,423.63,424.14,424.76,416.3925,413.65
1598829300,426.88,429.89,426.86,428.16,425.135,425.135,423.7,416.67,413.875
1598830200,428.19,429.06,427.36,427.36,425.135,425.135,422.98,416.91999999999996,413.875
1598831100,427.36,429.66,426.89,428.94,425.135,425.135,422,417.65999999999997,414.265
1598832000,428.94,430.55,427.88,428.26,425.855,425.46500000000003,421.93,417.7175,414.265
1598832900,428.25,428.25,427.1,427.75,426.275,425.46500000000003,422.6,417.8375,414.265
1598833800,427.77,428.39,427.1,427.91,426.275,425.46500000000003,424.01,418.1175,414.265
1598834700,427.92,427.93,425.45,426.07,426.46000000000004,425.46500000000003,422.8,418.495,414.265
1598835600,426.06,426.06,423.83,425.03,427.105,425.46500000000003,421.1,420.28,414.78999999999996
1598836500,425.03,426.55,424.9,426.37,427.19,425.46500000000003,419.36,421.3075,415.35
1598837400,426.42,427.46,425.39,425.4,427.19,425.46500000000003,420.92,421.31499999999994,415.35
1598838300,425.4,427.5,425.35,426.75,427.19,425.46500000000003,420.78,422.35749999999996,415.35
1598839200,426.72,427.71,425.93,425.93,427.19,425.46500000000003,419.94,422.4225,415.35
1598840100,426,426.81,425.98,426.58,426.11,425.46500000000003,419.19,422.4375,415.35
1598841000,426.57,427.22,425.85,426.22,426.11,425.46500000000003,420.3,421.96999999999997,415.35
1598841900,426.19,426.19,425.29,425.39,425.88,425.46500000000003,421.8,422.05499999999995,415.35
1598842800,425.39,425.8,424.05,425.44,425.77,425.46500000000003,423.21,422.41749999999996,415.35
1598843700,425.43,425.94,424.77,425.64,425.88,425.46500000000003,423.14,422.43499999999995,415.35
1598844600,425.63,426.6,425.57,426.04,425.88,425.46500000000003,421.64,422.22249999999997,415.35
1598845500,426.05,426.28,424.95,425.05,425.88,425.46500000000003,423.09,422.36,415.35
1598846400,425.05,427.48,424.91,427.14,425.88,425.46500000000003,426.49,422.325,415.35
1598847300,427.14,427.99,426.11,426.29,426.02,425.855,426.94,422.325,415.475
1598848200,426.29,426.83,425.67,425.91,426.02,426.275,426.65,422.0325,415.475
1598849100,425.9,425.9,424.3,424.71,426.02,426.275,428.45,422.3125,415.475
1598850000,424.71,425.84,423.41,425.69,425.70000000000005,426.46000000000004,429.49,422.69,415.475
1598850900,425.67,425.67,424.7,424.76,425.70000000000005,426.98,432.73,423.885,415.475
1598851800,424.76,424.77,423.15,423.7,425.57,426.85,432.37,425.135,416.47
1598852700,423.67,424.77,422.45,422.98,425.22,426.5,431.81,425.135,416.47
1598853600,422.95,422.95,419.48,422,423.735,425.015,433.95,425.135,416.54499999999996
1598854500,421.99,422.76,421.35,421.93,423.735,425.015,434.59,425.66,417.57500000000005
1598855400,421.92,423.24,421.26,422.6,423.155,423.935,436.39,425.87,417.69
1598856300,422.59,424.11,422.59,424.01,422.69,423.935,435.86,425.87,417.69
1598857200,424.01,424.02,422.4,422.8,422.65999999999997,423.735,437.93,425.96250000000003,417.69
1598858100,422.79,423.35,420.8,421.1,422.57500000000005,423.735,435.33,426.285,417.69
1598859000,421.1,421.9,419.11,419.36,421.94,423.55,434.05,426.3275,418.25
1598859900,419.35,421.45,418.04,420.92,421.405,423.015,433.59,426.3275,418.86
1598860800,420.92,421.51,419.7,420.78,421.07500000000005,423.015,432.55,426.3275,418.875
1598861700,420.78,420.78,418.56,419.94,421.07500000000005,423.015,433.57,426.3275,420.77
1598862600,419.94,420,419.05,419.19,421.07500000000005,423.015,434.95,425.7875,420.9
1598863500,419.19,421.17,419.12,420.3,421.07500000000005,423.015,434.49,425.7875,421.105
1598864400,420.29,421.95,418.99,421.8,421.03,423.015,432.89,425.6725,421.105
1598865300,421.8,423.3,421.39,423.21,420.69500000000005,423.015,433.67,425.6175,421.275
1598866200,423.24,423.59,422.49,423.14,420.815,423.015,434.14,425.6725,422
1598867100,423.13,423.31,421.6,421.64,420.815,423.015,434.01,425.6725,422.03499999999997
1598868000,421.62,423.1,421,423.09,421.075,423.015,434.5,425.6725,422.14
1598868900,423.1,426.94,423.1,426.49,422.75,423.015,433,425.6725,422.565
1598869800,426.5,427.35,425.43,426.94,423.17,423.015,432.66,425.9375,422.565
1598870700,426.95,427.68,425.73,426.65,423.33500000000004,422.86,431.7,426.1475,422.565
1598871600,426.64,428.49,426.01,428.45,423.74,423.265,433.03,426.1475,422.805
1598872500,428.46,429.7,428.1,429.49,425.35,423.87,434.25,426.08000000000004,423.365
1598873400,429.49,433.85,429.15,432.73,427.425,425.94500000000005,434.05,426.34000000000003,424.12
1598874300,432.73,434.78,432.1,432.37,427.89,426.40999999999997,434.84,426.21000000000004,425.46500000000003
1598875200,432.36,433.5,430.75,431.81,427.89,426.40999999999997,436.2,425.86,425.46500000000003
1598876100,431.8,434.85,431.22,433.95,428.975,426.44500000000005,438.07,424.375,425.015
1598877000,433.94,434.71,431.9,434.59,430.14,426.44500000000005,436.67,424.375,425.015
1598877900,434.58,438.17,434.2,436.39,431.95000000000005,428.105,436.99,423.54499999999996,425.015
1598878800,436.38,437.24,435.15,435.86,432.09000000000003,428.105,437.17,423.3125,425.015
1598879700,435.85,439,435.85,437.93,433.55,428.52,435.86,423.1975,425.015
1598880600,437.92,439,435.13,435.33,434.075,428.52,436.75,423.15500000000003,425.015
1598881500,435.33,435.35,432.66,434.05,434.875,428.52,437.6,422.745,424.83000000000004
1598882400,434.05,434.57,432.16,433.59,434.875,428.52,432.01,422.21,424.295
1598883300,433.59,433.75,430.7,432.55,434.85,428.78,431.7,422.045,424.295
1598884200,432.55,433.9,432.21,433.57,434.85,428.78,432.11,422.045,424.295
1598885100,433.57,435.55,432.75,434.95,434.85,428.995,431.7,422.045,424.295
1598886000,434.96,435.5,433.26,434.49,434.85,428.995,433.3,422.045,424.295
1598886900,434.48,434.63,432.61,432.89,434.85,428.995,433.94,422.0225,424.295
1598887800,432.89,433.84,431.77,433.67,434.85,430,430.89,421.855,424.295
1598888700,433.66,434.46,432.77,434.14,433.125,430,433.4,421.91499999999996,424.295
1598889600,434.15,435.53,433.31,434.01,433.125,430,435,421.91499999999996,424.295
1598890500,434.01,435.25,433.61,434.5,433.125,430,434.7,422.04499999999996,424.295
1598891400,434.51,434.6,432.65,433,433.65999999999997,431.05,435.12,422.8825,424.295
1598892300,433,433.29,432.45,432.66,433.65999999999997,432.21500000000003,437.53,423.0925,424.295
1598893200,432.7,432.76,431.3,431.7,433.41499999999996,432.365,436.46,423.0975,424.295
1598894100,431.7,433.16,431.55,433.03,433.41499999999996,432.505,436.76,423.5025,424.295
1598895000,433.03,434.5,432.84,434.25,433.41499999999996,433.55,433.79,424.61,424.295
1598895900,434.25,434.5,433.6,434.05,433.41499999999996,434.075,432.25,426.68500000000006,425.94500000000005
1598896800,434.06,435.16,433.85,434.84,433.41499999999996,434.85,431.5,427.15,426.40999999999997
1598897700,434.85,436.61,434.2,436.2,433.95500000000004,434.85,432.8,427.15,426.40999999999997
1598898600,436.19,438.7,435.65,438.07,435,434.85,433.34,427.71000000000004,426.44500000000005
1598899500,438.07,438.14,435.81,436.67,435,434.85,433.62,428.2925,426.44500000000005
1598900400,436.67,437.12,435.7,436.99,435,434.85,435.92,430.02750000000003,428.105
1598901300,436.99,438.45,436.45,437.17,435.125,434.85,435.48,430.0975,428.105
1598902200,437.17,437.22,435.28,435.86,435.77,434.85,436.37,431.03499999999997,428.52
1598903100,435.85,438.06,435.85,436.75,436.15,434.85,436.96,431.2975,428.52
1598904000,436.73,438.35,436.48,437.6,436.275,434.7,435.4,431.6975,428.52
1598904900,437.6,437.76,431.6,432.01,435.15,434.7,435.51,431.6975,428.52
1598905800,431.95,432.65,428.9,431.7,433.79999999999995,433.79999999999995,436.85,431.815,428.52
1598906700,431.79,432.45,430.11,432.11,433.67499999999995,433.79999999999995,438.24,431.815,428.52
1598907600,432.11,432.87,431.12,431.7,433.67499999999995,433.79999999999995,441.22,431.9225,428.52
1598908500,431.69,433.49,431.25,433.3,433.67499999999995,433.79999999999995,443.3,431.9225,428.52
1598909400,433.29,434.6,433.07,433.94,433.625,433.79999999999995,443.64,431.9225,428.52
1598910300,433.94,434.1,430.46,430.89,433.625,433.79999999999995,444.3,432.425,428.52
1598911200,430.89,433.44,429.94,433.4,433.625,433.79999999999995,444.59,431.5625,428.52
1598912100,433.4,435.39,432.95,435,433.33,433.79999999999995,445.36,431.5625,428.52
1598913000,435.03,435.69,434.42,434.7,432.29499999999996,433.79999999999995,445.35,431.5625,428.52
1598913900,434.7,437.47,434.15,435.12,433.70500000000004,433.79999999999995,446.33,432.355,428.52
1598914800,435.12,437.78,434.59,437.53,433.86,433.79999999999995,443.34,432.9375,428.52
1598915700,437.53,437.54,435.91,436.46,433.86,433.79999999999995,445.21,432.89,428.52
1598916600,436.46,437.8,435.65,436.76,433.87,433.79999999999995,455.55,432.96,428.52
1598917500,436.76,437.08,433.7,433.79,433.87,433.79999999999995,456.22,433.48249999999996,428.52
1598918400,433.8,435.25,431,432.25,433.87,433.79999999999995,464.19,433.745,428.52
1598919300,432.25,432.63,429.03,431.5,433.41499999999996,433.79999999999995,462.35,434.1325,428.52
1598920200,431.48,433.31,430.84,432.8,433.41499999999996,433.79999999999995,463.52,434.40250000000003,428.52
1598921100,432.84,433.89,432.52,433.34,433.41499999999996,433.79999999999995,459.62,434.925,428.52
1598922000,433.3,434.79,432.93,433.62,433.41499999999996,433.67499999999995,459.76,434.925,428.52
1598922900,433.6,435.92,432.65,435.92,433.41499999999996,433.67499999999995,461.5,434.925,428.52
1598923800,435.92,436.04,435,435.48,433.41499999999996,433.67499999999995,463.4,434.9875,428.52
1598924700,435.48,436.77,435,436.37,433.05499999999995,433.625,458.91,435.31,428.52
1598925600,436.38,437,435.61,436.96,433.015,433.625,461.02,435.5,428.52
1598926500,436.96,437.4,434.99,435.4,433.215,433.625,460.16,435.48749999999995,428.52
1598927400,435.41,435.9,434.7,435.51,434.12,433.35,461.01,434.92499999999995,428.52
1598928300,435.51,437,435.27,436.85,434.96,433.35,460.77,433.79999999999995,428.52
1598929200,436.86,438.39,436.1,438.24,435.52,433.71,462.25,433.73749999999995,428.78
1598930100,438.24,441.85,437.28,441.22,437.25,435.44,467.66,433.73749999999995,428.78
1598931000,441.22,444.21,440.6,443.3,439.455,436.62,470.33,433.73749999999995,428.995
1598931900,443.31,444.4,441.98,443.64,439.54999999999995,436.715,468.54,433.7125,428.995
1598932800,443.63,444.44,442.1,444.3,439.57,436.735,469.14,433.7125,428.995
1598933700,444.3,447.36,443.51,444.59,441.03,438.195,469.6,433.7125,430
1598934600,444.59,445.79,444.05,445.36,441.03,438.195,471.12,433.56499999999994,430
1598935500,445.38,445.99,444.19,445.35,441.315,438.195,467.17,433.04749999999996,430
1598936400,445.35,446.92,445.25,446.33,441.73,438.195,468.5,433.7525,430
1598937300,446.33,447,443,443.34,442.32,438.195,471.17,433.83,431.05
1598938200,443.38,445.88,443.24,445.21,443.98,438.195,468.5,433.83,432.21500000000003
1598939100,445.21,455.56,445.21,455.55,448.77,442.29499999999996,467.83,433.835,432.365
1598940000,455.56,460,454.8,456.22,451.05,444.515,469.62,433.835,432.505
1598940900,456.23,465,456.21,464.19,454,447.015,470.84,433.835,433.55
1598941800,464.19,464.36,460.67,462.35,454,447.015,469.79,433.60749999999996,433.95
1598942700,462.35,466.68,461.3,463.52,454.84000000000003,448.76,468.25,433.60749999999996,433.95
1598943600,463.53,465.71,458.29,459.62,454.84000000000003,449.6,469.86,433.60749999999996,433.95
1598944500,459.6,461.12,458.8,459.76,454.84000000000003,449.66499999999996,469.12,433.54499999999996,433.95
1598945400,459.8,462.65,459.8,461.5,454.96000000000004,449.66499999999996,468.55,433.54499999999996,433.95
1598946300,461.5,463.57,461,463.4,455.945,450.69,465.43,433.54499999999996,433.95
1598947200,463.4,463.9,458.9,458.91,460.74,450.69,466.13,433.34,433.95
1598948100,458.9,461.48,456.77,461.02,461.445,450.69,468.1,433.32,433.95
1598949000,461.02,462.34,460.15,460.16,461.725,450.69,472.32,433.41999999999996,433.95
1598949900,460.15,461.45,460,461.01,461.725,450.69,477.71,433.735,433.79999999999995
1598950800,461.01,461.39,459.12,460.77,461.24,450.975,481.61,434.155,433.79999999999995
1598951700,460.78,462.9,460.55,462.25,460.335,451.39,483.19,434.615,433.79999999999995
1598952600,462.25,469,461.9,467.66,462.885,453.14,481.96,436.345,435.375
1598953500,467.73,472.5,466.85,470.33,464.635,456.55,480.39,438.0375,436.55499999999995
1598954400,470.33,471.79,467.32,468.54,464.635,457.24,476.67,438.13249999999994,436.65
1598955300,468.55,471.8,467.8,469.14,464.635,457.3,479.2,438.15250000000003,436.66999999999996
1598956200,469.09,470.95,467.73,469.6,465.81,457.75,478.15,439.61249999999995,438.13
1598957100,469.61,473.46,468.6,471.12,466.28999999999996,458.23,475.75,439.61249999999995,438.13
1598958000,471.13,471.3,466.35,467.17,466.28999999999996,458.23,476.98,439.755,438.13
1598958900,467.17,469.27,466.75,468.5,467.005,458.23,474.25,439.9625,438.13
1598959800,468.5,471.31,468.5,471.17,467.67999999999995,458.23,474.92,440.2575,438.13
1598960700,471.17,471.55,464.15,468.5,468.80499999999995,458.35,477.77,441.0875,438.13
1598961600,468.54,468.65,466.5,467.83,468.80499999999995,459.335,478.79,445.53249999999997,442.23
1598962500,467.79,469.8,466.05,469.62,468.80499999999995,464.13,477.31,447.7825,444.45
1598963400,469.6,471.2,469.18,470.84,468.80499999999995,464.835,476.59,450.5075,446.95
1598964300,470.84,471.89,468.88,469.79,468.80499999999995,465.115,NaN,450.5075,446.95
1598965200,469.8,470.77,467.46,468.25,468.02,465.115,NaN,451.8,447.78999999999996
1598966100,468.29,469.88,467.77,469.86,468.02,465.115,NaN,452.22,447.78999999999996
1598967000,469.86,471,468.88,469.12,468.02,465.115,NaN,452.2525,447.78999999999996
1598967900,469.17,470.38,467.96,468.55,468.02,465.115,NaN,452.3125,447.78999999999996
1598968800,468.55,469.16,460.55,465.43,466.22,465.115,NaN,453.3175,447.78999999999996
1598969700,465.43,466.61,464.65,466.13,466.22,465.115,NaN,455.71500000000003,447.78999999999996
1598970600,466.15,468.86,465.2,468.1,466.22,465.115,NaN,456.0675,447.78999999999996
1598971500,468.11,472.59,467.7,472.32,466.57,466.28999999999996,NaN,456.2075,447.78999999999996
1598972400,472.34,479.67,471.93,477.71,470.11,469.395,NaN,456.2075,447.78999999999996
1598973300,477.7,485,476.52,481.61,472.775,472.06,NaN,456.1075,447.78999999999996
1598974200,481.62,483.69,479.39,483.19,472.775,472.775,NaN,455.86249999999995,447.78999999999996
1598975100,483.2,486.05,481.48,481.96,473.3,473.3,NaN,458.0125,449.015
1598976000,481.92,483.16,476.7,480.39,473.3,473.3,NaN,460.5925,450.765
1598976900,480.38,480.91,474.56,476.67,475.35,473.3,NaN,460.9375,450.765
1598977800,476.66,479.6,476.04,479.2,475.625,473.3,NaN,460.9675,450.765
1598978700,479.17,479.31,476.8,478.15,476.875,473.3,NaN,461.78,450.765
1598979600,478.16,479.7,474.69,475.75,478.99,473.3,NaN,462.26,451.245
1598980500,475.76,477.26,475,476.98,480.305,473.3,NaN,462.26,451.245
1598981400,476.94,477.33,473.89,474.25,479.97,473.3,NaN,462.6175,451.245
1598982300,474.22,476.37,473.63,474.92,479.84000000000003,473.3,NaN,462.955,451.245
1598983200,474.91,478,474.55,477.77,478.395,473.3,NaN,463.5775,451.245
1598984100,477.76,478.97,475.4,478.79,477.27,473.3,NaN,464.06999999999994,451.245
1598985000,478.78,478.85,475.79,477.31,476.66499999999996,473.3,NaN,466.4675,451.245
1598985900,477.33,478.21,476.35,476.58,476.66499999999996,473.3,NaN,466.81999999999994,451.245